objid,u-type,u-peaks,g-type,g-peaks,r-type,r-peaks,i-type,i-peaks,z-type,z-peaks
1237678617437536705,NO_PEAK,"[]",NO_PEAK,"[]",NO_PEAK,"[]",NO_PEAK,"[]",NO_PEAK,"[]"
1237678617437536775,NO_PEAK,"[]",NO_PEAK,"[]",NO_PEAK,"[]",NO_PEAK,"[]",DOUBLE,"[(72, 74)(48, 81)]"
1237678617437536782,SINGLE,"[(15, 1)]",NO_PEAK,"[]",NO_PEAK,"[]",NO_PEAK,"[]",NO_PEAK,"[]"
1237678617437536811,SINGLE,"[(40, 25)]",NO_PEAK,"[]",NO_PEAK,"[]",SINGLE,"[(50, 50)]",DOUBLE,"[(50, 49)(2, 71)]"
1237678617437536843,NO_PEAK,"[]",NO_PEAK,"[]",NO_PEAK,"[]",NO_PEAK,"[]",DOUBLE,"[(82, 84)(53, 33)]"
1237678617436160257,NO_PEAK,"[]",NO_PEAK,"[]",SINGLE,"[(50, 41)]",SINGLE,"[(49, 42)]",NO_PEAK,"[]"
1237678617436160341,NO_PEAK,"[]",SINGLE,"[(50, 50)]",SINGLE,"[(51, 50)]",NO_PEAK,"[]",DOUBLE,"[(84, 54)(50, 51)]"
1237678617436160427,NO_PEAK,"[]",SINGLE,"[(50, 50)]",SINGLE,"[(50, 50)]",DOUBLE,"[(50, 50)(44, 55)]",NO_PEAK,"[]"
1237678617437536862,NO_PEAK,"[]",SINGLE,"[(50, 50)]",SINGLE,"[(50, 50)]",SINGLE,"[(50, 51)]",NO_PEAK,"[]"
1237678617437536917,NO_PEAK,"[]",NO_PEAK,"[]",NO_PEAK,"[]",SINGLE,"[(39, 4)]",NO_PEAK,"[]"
1237678617437536954,NO_PEAK,"[]",NO_PEAK,"[]",SINGLE,"[(38, 93)]",NO_PEAK,"[]",NO_PEAK,"[]"
1237678617437537018,NO_PEAK,"[]",NO_PEAK,"[]",NO_PEAK,"[]",NO_PEAK,"[]",NO_PEAK,"[]"
1237678617437537037,NO_PEAK,"[]",NO_PEAK,"[]",NO_PEAK,"[]",NO_PEAK,"[]",NO_PEAK,"[]"
1237678617437537061,NO_PEAK,"[]",NO_PEAK,"[]",NO_PEAK,"[]",NO_PEAK,"[]",DOUBLE,"[(58, 44)(47, 58)]"
1237678617437537076,NO_PEAK,"[]",NO_PEAK,"[]",NO_PEAK,"[]",SINGLE,"[(31, 42)]",NO_PEAK,"[]"
1237678617437537160,NO_PEAK,"[]",NO_PEAK,"[]",NO_PEAK,"[]",NO_PEAK,"[]",DOUBLE,"[(59, 91)(49, 21)]"
1237678617437537174,NO_PEAK,"[]",NO_PEAK,"[]",NO_PEAK,"[]",NO_PEAK,"[]",DOUBLE,"[(74, 87)(50, 50)]"
1237678617436225969,NO_PEAK,"[]",NO_PEAK,"[]",SINGLE,"[(4, 18)]",SINGLE,"[(4, 19)]",NO_PEAK,"[]"
1237678617436226074,NO_PEAK,"[]",SINGLE,"[(50, 49)]",SINGLE,"[(50, 50)]",SINGLE,"[(51, 51)]",DOUBLE,"[(58, 74)(51, 50)]"
1237678617436226187,SINGLE,"[(73, 97)]",NO_PEAK,"[]",NO_PEAK,"[]",SINGLE,"[(50, 50)]",DOUBLE,"[(75, 11)(56, 67)]"
1237678617436226189,NO_PEAK,"[]",NO_PEAK,"[]",NO_PEAK,"[]",NO_PEAK,"[]",DOUBLE,"[(36, 79)(14, 39)]"
1237678617436226243,NO_PEAK,"[]",NO_PEAK,"[]",NO_PEAK,"[]",NO_PEAK,"[]",DOUBLE,"[(5, 36)(18, 6)]"
1237678617436226279,NO_PEAK,"[]",NO_PEAK,"[]",NO_PEAK,"[]",NO_PEAK,"[]",DOUBLE,"[(16, 17)(85, 41)]"
1237678617436226375,SINGLE,"[(51, 77)]",NO_PEAK,"[]",NO_PEAK,"[]",NO_PEAK,"[]",DOUBLE,"[(10, 45)(37, 4)]"
1237678617436226394,NO_PEAK,"[]",NO_PEAK,"[]",NO_PEAK,"[]",NO_PEAK,"[]",DOUBLE,"[(28, 7)(80, 98)]"
1237678617436226404,NO_PEAK,"[]",NO_PEAK,"[]",NO_PEAK,"[]",SINGLE,"[(31, 18)]",DOUBLE,"[(50, 51)(25, 83)]"
1237678617436226444,NO_PEAK,"[]",NO_PEAK,"[]",NO_PEAK,"[]",NO_PEAK,"[]",NO_PEAK,"[]"
1237678617437537441,SINGLE,"[(99, 91)]",NO_PEAK,"[]",NO_PEAK,"[]",NO_PEAK,"[]",DOUBLE,"[(12, 72)(46, 54)]"
1237678617437537472,SINGLE,"[(17, 19)]",NO_PEAK,"[]",NO_PEAK,"[]",NO_PEAK,"[]",NO_PEAK,"[]"
1237678617437601823,NO_PEAK,"[]",NO_PEAK,"[]",NO_PEAK,"[]",SINGLE,"[(29, 3)]",NO_PEAK,"[]"
1237678617437601909,NO_PEAK,"[]",NO_PEAK,"[]",NO_PEAK,"[]",SINGLE,"[(16, 39)]",NO_PEAK,"[]"
1237678617437601955,NO_PEAK,"[]",NO_PEAK,"[]",NO_PEAK,"[]",SINGLE,"[(6, 32)]",DOUBLE,"[(6, 32)(23, 45)]"
1237678617436291640,NO_PEAK,"[]",NO_PEAK,"[]",NO_PEAK,"[]",NO_PEAK,"[]",DOUBLE,"[(43, 85)(49, 50)]"
1237678617436291680,NO_PEAK,"[]",NO_PEAK,"[]",NO_PEAK,"[]",NO_PEAK,"[]",NO_PEAK,"[]"
1237678617436291823,NO_PEAK,"[]",NO_PEAK,"[]",NO_PEAK,"[]",SINGLE,"[(2, 59)]",NO_PEAK,"[]"
1237678617436292022,SINGLE,"[(95, 53)]",NO_PEAK,"[]",SINGLE,"[(20, 22)]",SINGLE,"[(19, 21)]",NO_PEAK,"[]"
1237678617437602165,NO_PEAK,"[]",NO_PEAK,"[]",NO_PEAK,"[]",SINGLE,"[(16, 25)]",DOUBLE,"[(16, 25)(50, 50)]"
1237678617437602285,NO_PEAK,"[]",NO_PEAK,"[]",NO_PEAK,"[]",SINGLE,"[(1, 18)]",DOUBLE,"[(1, 17)(11, 2)]"
1237678617437602298,NO_PEAK,"[]",NO_PEAK,"[]",NO_PEAK,"[]",SINGLE,"[(27, 25)]",NO_PEAK,"[]"
1237678617437602322,NO_PEAK,"[]",NO_PEAK,"[]",SINGLE,"[(50, 50)]",NO_PEAK,"[]",DOUBLE,"[(51, 50)(26, 14)]"
1237678617437602370,NO_PEAK,"[]",NO_PEAK,"[]",NO_PEAK,"[]",SINGLE,"[(27, 63)]",NO_PEAK,"[]"
1237678617437602574,NO_PEAK,"[]",NO_PEAK,"[]",SINGLE,"[(50, 50)]",NO_PEAK,"[]",DOUBLE,"[(15, 60)(20, 12)]"
1237678617437602652,NO_PEAK,"[]",NO_PEAK,"[]",NO_PEAK,"[]",NO_PEAK,"[]",DOUBLE,"[(16, 61)(1, 42)]"
1237678617437602707,NO_PEAK,"[]",NO_PEAK,"[]",NO_PEAK,"[]",NO_PEAK,"[]",DOUBLE,"[(50, 50)(35, 5)]"
1237678617437602727,NO_PEAK,"[]",NO_PEAK,"[]",NO_PEAK,"[]",NO_PEAK,"[]",DOUBLE,"[(50, 50)(77, 91)]"
1237678617437602733,NO_PEAK,"[]",NO_PEAK,"[]",NO_PEAK,"[]",NO_PEAK,"[]",NO_PEAK,"[]"
1237678617437667838,NO_PEAK,"[]",NO_PEAK,"[]",NO_PEAK,"[]",NO_PEAK,"[]",DOUBLE,"[(49, 49)(75, 41)]"
1237678617437667984,SINGLE,"[(25, 24)]",NO_PEAK,"[]",NO_PEAK,"[]",NO_PEAK,"[]",DOUBLE,"[(75, 54)(42, 4)]"
1237678617437668120,NO_PEAK,"[]",NO_PEAK,"[]",NO_PEAK,"[]",SINGLE,"[(99, 63)]",DOUBLE,"[(95, 40)(52, 6)]"
1237678617437668125,NO_PEAK,"[]",NO_PEAK,"[]",NO_PEAK,"[]",NO_PEAK,"[]",DOUBLE,"[(60, 98)(53, 20)]"
1237678617437668161,NO_PEAK,"[]",NO_PEAK,"[]",NO_PEAK,"[]",NO_PEAK,"[]",DOUBLE,"[(48, 12)(74, 12)]"
1237678617437668255,SINGLE,"[(44, 73)]",NO_PEAK,"[]",NO_PEAK,"[]",NO_PEAK,"[]",DOUBLE,"[(9, 66)(48, 3)]"
1237678617437668305,SINGLE,"[(27, 54)]",NO_PEAK,"[]",NO_PEAK,"[]",NO_PEAK,"[]",DOUBLE,"[(19, 67)(80, 45)]"
1237678617437668374,NO_PEAK,"[]",NO_PEAK,"[]",NO_PEAK,"[]",NO_PEAK,"[]",DOUBLE,"[(51, 60)(35, 65)]"
1237678617437668388,NO_PEAK,"[]",NO_PEAK,"[]",NO_PEAK,"[]",NO_PEAK,"[]",DOUBLE,"[(70, 92)(14, 27)]"
1237678617436357362,NO_PEAK,"[]",NO_PEAK,"[]",NO_PEAK,"[]",NO_PEAK,"[]",DOUBLE,"[(50, 50)(37, 31)]"
1237678617436357462,NO_PEAK,"[]",NO_PEAK,"[]",NO_PEAK,"[]",NO_PEAK,"[]",NO_PEAK,"[]"
1237678617971852215,NO_PEAK,"[]",NO_PEAK,"[]",NO_PEAK,"[]",NO_PEAK,"[]",DOUBLE,"[(32, 56)(81, 67)]"
1237678617971852226,NO_PEAK,"[]",NO_PEAK,"[]",SINGLE,"[(84, 65)]",NO_PEAK,"[]",NO_PEAK,"[]"
1237678617971852350,SINGLE,"[(28, 20)]",NO_PEAK,"[]",NO_PEAK,"[]",NO_PEAK,"[]",DOUBLE,"[(45, 22)(57, 32)]"
1237678617971852360,NO_PEAK,"[]",NO_PEAK,"[]",NO_PEAK,"[]",NO_PEAK,"[]",DOUBLE,"[(50, 48)(96, 95)]"
1237678617436488181,NO_PEAK,"[]",NO_PEAK,"[]",SINGLE,"[(50, 50)]",SINGLE,"[(49, 50)]",DOUBLE,"[(50, 50)(32, 84)]"
1237678617972244927,NO_PEAK,"[]",NO_PEAK,"[]",NO_PEAK,"[]",NO_PEAK,"[]",NO_PEAK,"[]"
1237678617972245021,SINGLE,"[(23, 26)]",NO_PEAK,"[]",SINGLE,"[(50, 50)]",NO_PEAK,"[]",DOUBLE,"[(17, 64)(99, 61)]"
1237678617972245117,NO_PEAK,"[]",NO_PEAK,"[]",NO_PEAK,"[]",SINGLE,"[(22, 26)]",NO_PEAK,"[]"
1237678617972245231,SINGLE,"[(97, 95)]",NO_PEAK,"[]",NO_PEAK,"[]",NO_PEAK,"[]",NO_PEAK,"[]"
1237678617972245283,SINGLE,"[(20, 1)]",NO_PEAK,"[]",SINGLE,"[(50, 51)]",DOUBLE,"[(50, 54)(50, 50)]",NO_PEAK,"[]"
1237678617972245431,SINGLE,"[(74, 71)]",NO_PEAK,"[]",NO_PEAK,"[]",NO_PEAK,"[]",DOUBLE,"[(11, 68)(23, 81)]"
1237678617972310207,SINGLE,"[(22, 26)]",NO_PEAK,"[]",NO_PEAK,"[]",SINGLE,"[(22, 41)]",NO_PEAK,"[]"
1237678617972572711,NO_PEAK,"[]",NO_PEAK,"[]",NO_PEAK,"[]",NO_PEAK,"[]",NO_PEAK,"[]"
1237678617972703343,NO_PEAK,"[]",NO_PEAK,"[]",NO_PEAK,"[]",NO_PEAK,"[]",NO_PEAK,"[]"
1237678617972703573,NO_PEAK,"[]",NO_PEAK,"[]",NO_PEAK,"[]",NO_PEAK,"[]",DOUBLE,"[(79, 22)(90, 67)]"
1237678617972703801,SINGLE,"[(48, 48)]",NO_PEAK,"[]",NO_PEAK,"[]",NO_PEAK,"[]",DOUBLE,"[(66, 42)(4, 78)]"
1237678617436553624,NO_PEAK,"[]",NO_PEAK,"[]",SINGLE,"[(19, 42)]",SINGLE,"[(19, 42)]",NO_PEAK,"[]"
1237678617436553651,NO_PEAK,"[]",NO_PEAK,"[]",NO_PEAK,"[]",NO_PEAK,"[]",DOUBLE,"[(73, 57)(77, 67)]"
1237678617436553746,NO_PEAK,"[]",NO_PEAK,"[]",NO_PEAK,"[]",NO_PEAK,"[]",NO_PEAK,"[]"
1237678617436553910,SINGLE,"[(36, 27)]",NO_PEAK,"[]",NO_PEAK,"[]",NO_PEAK,"[]",DOUBLE,"[(27, 94)(53, 50)]"
1237678617972703840,SINGLE,"[(20, 18)]",NO_PEAK,"[]",NO_PEAK,"[]",SINGLE,"[(50, 50)]",NO_PEAK,"[]"
1237678617972769140,NO_PEAK,"[]",SINGLE,"[(50, 50)]",SINGLE,"[(50, 50)]",SINGLE,"[(50, 50)]",NO_PEAK,"[]"
1237678617972769188,NO_PEAK,"[]",NO_PEAK,"[]",NO_PEAK,"[]",NO_PEAK,"[]",DOUBLE,"[(26, 93)(52, 29)]"
1237678617972769194,NO_PEAK,"[]",NO_PEAK,"[]",NO_PEAK,"[]",SINGLE,"[(18, 61)]",DOUBLE,"[(18, 61)(75, 22)]"
1237678617972769306,NO_PEAK,"[]",NO_PEAK,"[]",NO_PEAK,"[]",NO_PEAK,"[]",DOUBLE,"[(37, 26)(53, 50)]"
1237678617972769353,NO_PEAK,"[]",NO_PEAK,"[]",SINGLE,"[(50, 50)]",SINGLE,"[(50, 50)]",DOUBLE,"[(70, 87)(50, 50)]"
1237678617972769492,NO_PEAK,"[]",NO_PEAK,"[]",NO_PEAK,"[]",NO_PEAK,"[]",NO_PEAK,"[]"
1237678617972834891,NO_PEAK,"[]",NO_PEAK,"[]",SINGLE,"[(50, 50)]",SINGLE,"[(50, 50)]",DOUBLE,"[(49, 50)(24, 56)]"
1237678617972834898,NO_PEAK,"[]",NO_PEAK,"[]",NO_PEAK,"[]",NO_PEAK,"[]",NO_PEAK,"[]"
1237678617436619334,NO_PEAK,"[]",NO_PEAK,"[]",NO_PEAK,"[]",NO_PEAK,"[]",NO_PEAK,"[]"
1237678617436619411,SINGLE,"[(22, 99)]",NO_PEAK,"[]",NO_PEAK,"[]",SINGLE,"[(48, 30)]",NO_PEAK,"[]"
1237678617436619412,SINGLE,"[(70, 2)]",NO_PEAK,"[]",NO_PEAK,"[]",NO_PEAK,"[]",NO_PEAK,"[]"
1237678617436619480,SINGLE,"[(5, 26)]",NO_PEAK,"[]",NO_PEAK,"[]",SINGLE,"[(34, 52)]",NO_PEAK,"[]"
1237678617436619482,NO_PEAK,"[]",NO_PEAK,"[]",NO_PEAK,"[]",NO_PEAK,"[]",DOUBLE,"[(21, 14)(19, 68)]"
1237678617436619495,NO_PEAK,"[]",NO_PEAK,"[]",NO_PEAK,"[]",NO_PEAK,"[]",NO_PEAK,"[]"
1237678617972834941,NO_PEAK,"[]",NO_PEAK,"[]",SINGLE,"[(42, 48)]",NO_PEAK,"[]",NO_PEAK,"[]"
1237678617972835168,NO_PEAK,"[]",NO_PEAK,"[]",NO_PEAK,"[]",NO_PEAK,"[]",NO_PEAK,"[]"
1237678617436619568,NO_PEAK,"[]",NO_PEAK,"[]",NO_PEAK,"[]",SINGLE,"[(30, 54)]",DOUBLE,"[(73, 68)(29, 54)]"
1237678617436619572,NO_PEAK,"[]",NO_PEAK,"[]",NO_PEAK,"[]",NO_PEAK,"[]",DOUBLE,"[(56, 86)(12, 72)]"
1237678617436619737,NO_PEAK,"[]",NO_PEAK,"[]",SINGLE,"[(35, 21)]",SINGLE,"[(35, 22)]",NO_PEAK,"[]"
1237678617436684460,NO_PEAK,"[]",NO_PEAK,"[]",NO_PEAK,"[]",NO_PEAK,"[]",NO_PEAK,"[]"
1237678617436684525,NO_PEAK,"[]",NO_PEAK,"[]",NO_PEAK,"[]",NO_PEAK,"[]",NO_PEAK,"[]"
1237678617436684547,NO_PEAK,"[]",SINGLE,"[(50, 50)]",SINGLE,"[(50, 50)]",SINGLE,"[(50, 51)]",NO_PEAK,"[]"
1237678617436685298,NO_PEAK,"[]",NO_PEAK,"[]",NO_PEAK,"[]",NO_PEAK,"[]",DOUBLE,"[(27, 51)(63, 81)]"
1237678617972966262,SINGLE,"[(99, 99)]",NO_PEAK,"[]",NO_PEAK,"[]",SINGLE,"[(12, 51)]",DOUBLE,"[(11, 51)(49, 49)]"
1237678617972966388,NO_PEAK,"[]",NO_PEAK,"[]",SINGLE,"[(50, 51)]",SINGLE,"[(21, 25)]",DOUBLE,"[(96, 67)(12, 9)]"
1237678617972966392,NO_PEAK,"[]",NO_PEAK,"[]",SINGLE,"[(50, 50)]",NO_PEAK,"[]",DOUBLE,"[(21, 70)(11, 40)]"
1237678617436750152,NO_PEAK,"[]",NO_PEAK,"[]",NO_PEAK,"[]",NO_PEAK,"[]",NO_PEAK,"[]"
1237678617972966446,NO_PEAK,"[]",SINGLE,"[(11, 5)]",SINGLE,"[(11, 5)]",SINGLE,"[(11, 5)]",NO_PEAK,"[]"
1237678617973097414,NO_PEAK,"[]",NO_PEAK,"[]",SINGLE,"[(50, 50)]",NO_PEAK,"[]",NO_PEAK,"[]"
1237678617973097464,NO_PEAK,"[]",NO_PEAK,"[]",NO_PEAK,"[]",NO_PEAK,"[]",DOUBLE,"[(52, 6)(90, 31)]"
1237678617973097568,NO_PEAK,"[]",NO_PEAK,"[]",NO_PEAK,"[]",NO_PEAK,"[]",NO_PEAK,"[]"
1237678617436815628,NO_PEAK,"[]",NO_PEAK,"[]",NO_PEAK,"[]",NO_PEAK,"[]",DOUBLE,"[(50, 50)(19, 17)]"
1237678617973097639,NO_PEAK,"[]",NO_PEAK,"[]",NO_PEAK,"[]",NO_PEAK,"[]",DOUBLE,"[(6, 68)(74, 1)]"
1237678617973097651,NO_PEAK,"[]",NO_PEAK,"[]",NO_PEAK,"[]",NO_PEAK,"[]",DOUBLE,"[(16, 43)(62, 3)]"
1237678617973097670,SINGLE,"[(5, 5)]",NO_PEAK,"[]",NO_PEAK,"[]",SINGLE,"[(21, 28)]",DOUBLE,"[(99, 70)(94, 46)]"
1237678617973228684,NO_PEAK,"[]",NO_PEAK,"[]",NO_PEAK,"[]",NO_PEAK,"[]",NO_PEAK,"[]"
1237678617973228717,SINGLE,"[(1, 31)]",NO_PEAK,"[]",SINGLE,"[(12, 20)]",SINGLE,"[(11, 19)]",DOUBLE,"[(11, 20)(94, 50)]"
1237678617973228816,NO_PEAK,"[]",NO_PEAK,"[]",NO_PEAK,"[]",NO_PEAK,"[]",NO_PEAK,"[]"
1237678617973293327,NO_PEAK,"[]",NO_PEAK,"[]",SINGLE,"[(42, 55)]",DOUBLE,"[(43, 56)(50, 50)]",DOUBLE,"[(43, 55)(50, 50)]"
1237678617436881694,NO_PEAK,"[]",NO_PEAK,"[]",NO_PEAK,"[]",NO_PEAK,"[]",NO_PEAK,"[]"
1237678617436881709,NO_PEAK,"[]",NO_PEAK,"[]",NO_PEAK,"[]",SINGLE,"[(42, 14)]",NO_PEAK,"[]"
1237678617436881748,NO_PEAK,"[]",NO_PEAK,"[]",NO_PEAK,"[]",NO_PEAK,"[]",DOUBLE,"[(7, 54)(45, 53)]"
1237678617436881800,NO_PEAK,"[]",SINGLE,"[(1, 46)]",SINGLE,"[(1, 46)]",SINGLE,"[(1, 46)]",NO_PEAK,"[]"
1237678617436881985,NO_PEAK,"[]",NO_PEAK,"[]",NO_PEAK,"[]",NO_PEAK,"[]",NO_PEAK,"[]"
1237678617436882000,NO_PEAK,"[]",NO_PEAK,"[]",NO_PEAK,"[]",NO_PEAK,"[]",NO_PEAK,"[]"
1237678617435635889,NO_PEAK,"[]",SINGLE,"[(50, 50)]",SINGLE,"[(50, 50)]",SINGLE,"[(50, 50)]",NO_PEAK,"[]"
1237678617435635997,NO_PEAK,"[]",NO_PEAK,"[]",SINGLE,"[(50, 50)]",SINGLE,"[(50, 51)]",NO_PEAK,"[]"
1237678617436947424,SINGLE,"[(18, 37)]",NO_PEAK,"[]",NO_PEAK,"[]",NO_PEAK,"[]",DOUBLE,"[(51, 58)(35, 73)]"
1237678617436947432,NO_PEAK,"[]",NO_PEAK,"[]",NO_PEAK,"[]",NO_PEAK,"[]",DOUBLE,"[(16, 78)(44, 91)]"
1237678617435636124,NO_PEAK,"[]",NO_PEAK,"[]",NO_PEAK,"[]",NO_PEAK,"[]",DOUBLE,"[(63, 45)(96, 89)]"
1237678617435636218,NO_PEAK,"[]",NO_PEAK,"[]",SINGLE,"[(13, 7)]",SINGLE,"[(13, 7)]",DOUBLE,"[(55, 34)(83, 77)]"
1237678617437012296,NO_PEAK,"[]",NO_PEAK,"[]",SINGLE,"[(12, 30)]",SINGLE,"[(12, 30)]",NO_PEAK,"[]"
1237678617435636269,NO_PEAK,"[]",NO_PEAK,"[]",NO_PEAK,"[]",NO_PEAK,"[]",NO_PEAK,"[]"
1237678617435636425,NO_PEAK,"[]",NO_PEAK,"[]",NO_PEAK,"[]",NO_PEAK,"[]",NO_PEAK,"[]"
1237678617435636457,NO_PEAK,"[]",NO_PEAK,"[]",NO_PEAK,"[]",NO_PEAK,"[]",NO_PEAK,"[]"
1237678617435636499,NO_PEAK,"[]",NO_PEAK,"[]",NO_PEAK,"[]",SINGLE,"[(50, 50)]",NO_PEAK,"[]"
1237678617435636591,SINGLE,"[(23, 27)]",NO_PEAK,"[]",NO_PEAK,"[]",SINGLE,"[(56, 56)]",DOUBLE,"[(75, 47)(10, 5)]"
1237678617435636618,SINGLE,"[(15, 10)]",NO_PEAK,"[]",NO_PEAK,"[]",NO_PEAK,"[]",DOUBLE,"[(23, 1)(99, 28)]"
1237678617435636676,NO_PEAK,"[]",NO_PEAK,"[]",NO_PEAK,"[]",NO_PEAK,"[]",DOUBLE,"[(83, 28)(12, 82)]"
1237678617973359776,NO_PEAK,"[]",NO_PEAK,"[]",NO_PEAK,"[]",NO_PEAK,"[]",DOUBLE,"[(87, 93)(99, 15)]"
1237678617973424201,NO_PEAK,"[]",NO_PEAK,"[]",NO_PEAK,"[]",SINGLE,"[(27, 23)]",NO_PEAK,"[]"
1237678617973424882,SINGLE,"[(10, 6)]",NO_PEAK,"[]",SINGLE,"[(44, 15)]",SINGLE,"[(43, 14)]",DOUBLE,"[(90, 17)(43, 13)]"
1237678617973424930,NO_PEAK,"[]",NO_PEAK,"[]",NO_PEAK,"[]",NO_PEAK,"[]",NO_PEAK,"[]"
1237678617973424967,NO_PEAK,"[]",NO_PEAK,"[]",NO_PEAK,"[]",NO_PEAK,"[]",DOUBLE,"[(66, 22)(9, 54)]"
1237678617973425214,SINGLE,"[(94, 96)]",NO_PEAK,"[]",NO_PEAK,"[]",SINGLE,"[(55, 39)]",DOUBLE,"[(72, 49)(99, 47)]"
1237678617973425234,SINGLE,"[(4, 98)]",NO_PEAK,"[]",NO_PEAK,"[]",NO_PEAK,"[]",DOUBLE,"[(8, 28)(59, 45)]"
1237678617973425295,SINGLE,"[(1, 10)]",NO_PEAK,"[]",NO_PEAK,"[]",NO_PEAK,"[]",DOUBLE,"[(98, 21)(4, 99)]"
1237678617973489923,NO_PEAK,"[]",SINGLE,"[(57, 39)]",SINGLE,"[(50, 50)]",SINGLE,"[(50, 49)]",NO_PEAK,"[]"
1237678617437077906,NO_PEAK,"[]",SINGLE,"[(50, 50)]",SINGLE,"[(50, 51)]",SINGLE,"[(50, 50)]",DOUBLE,"[(51, 50)(40, 26)]"
1237678617973490463,NO_PEAK,"[]",NO_PEAK,"[]",SINGLE,"[(50, 50)]",SINGLE,"[(50, 50)]",NO_PEAK,"[]"
1237678617437077974,NO_PEAK,"[]",NO_PEAK,"[]",SINGLE,"[(1, 36)]",NO_PEAK,"[]",DOUBLE,"[(1, 37)(72, 29)]"
1237678617437077979,NO_PEAK,"[]",NO_PEAK,"[]",SINGLE,"[(50, 50)]",SINGLE,"[(50, 50)]",DOUBLE,"[(50, 50)(34, 1)]"
1237678617437078000,NO_PEAK,"[]",NO_PEAK,"[]",SINGLE,"[(50, 51)]",NO_PEAK,"[]",NO_PEAK,"[]"
1237678617973490600,NO_PEAK,"[]",NO_PEAK,"[]",SINGLE,"[(51, 50)]",SINGLE,"[(50, 51)]",NO_PEAK,"[]"
1237678617973490615,NO_PEAK,"[]",SINGLE,"[(1, 56)]",SINGLE,"[(50, 50)]",SINGLE,"[(50, 50)]",DOUBLE,"[(50, 50)(37, 77)]"
1237678617973490722,NO_PEAK,"[]",NO_PEAK,"[]",NO_PEAK,"[]",NO_PEAK,"[]",DOUBLE,"[(9, 81)(25, 33)]"
1237678617973490730,NO_PEAK,"[]",NO_PEAK,"[]",NO_PEAK,"[]",NO_PEAK,"[]",DOUBLE,"[(66, 85)(12, 11)]"
1237678617973555429,NO_PEAK,"[]",NO_PEAK,"[]",NO_PEAK,"[]",NO_PEAK,"[]",NO_PEAK,"[]"
1237678617973555449,NO_PEAK,"[]",NO_PEAK,"[]",NO_PEAK,"[]",NO_PEAK,"[]",NO_PEAK,"[]"
1237678617973555552,NO_PEAK,"[]",SINGLE,"[(93, 89)]",NO_PEAK,"[]",NO_PEAK,"[]",NO_PEAK,"[]"
1237678617973555614,NO_PEAK,"[]",NO_PEAK,"[]",SINGLE,"[(50, 50)]",NO_PEAK,"[]",DOUBLE,"[(49, 51)(38, 57)]"
1237678617973555931,SINGLE,"[(33, 31)]",NO_PEAK,"[]",NO_PEAK,"[]",NO_PEAK,"[]",DOUBLE,"[(66, 35)(33, 73)]"
1237678617973556137,NO_PEAK,"[]",NO_PEAK,"[]",NO_PEAK,"[]",NO_PEAK,"[]",NO_PEAK,"[]"
1237678617973556288,NO_PEAK,"[]",NO_PEAK,"[]",NO_PEAK,"[]",NO_PEAK,"[]",NO_PEAK,"[]"
1237678617973556371,SINGLE,"[(60, 7)]",NO_PEAK,"[]",NO_PEAK,"[]",SINGLE,"[(58, 8)]",NO_PEAK,"[]"
1237678617973556376,NO_PEAK,"[]",NO_PEAK,"[]",NO_PEAK,"[]",NO_PEAK,"[]",DOUBLE,"[(50, 50)(13, 34)]"
1237678617973556421,NO_PEAK,"[]",NO_PEAK,"[]",NO_PEAK,"[]",NO_PEAK,"[]",DOUBLE,"[(53, 91)(53, 49)]"
1237678617437143506,NO_PEAK,"[]",NO_PEAK,"[]",NO_PEAK,"[]",NO_PEAK,"[]",NO_PEAK,"[]"
1237678617437143517,SINGLE,"[(91, 94)]",NO_PEAK,"[]",NO_PEAK,"[]",SINGLE,"[(50, 26)]",DOUBLE,"[(88, 57)(92, 8)]"
1237678617437143638,NO_PEAK,"[]",NO_PEAK,"[]",SINGLE,"[(43, 1)]",NO_PEAK,"[]",DOUBLE,"[(49, 50)(22, 99)]"
1237678617437143732,NO_PEAK,"[]",NO_PEAK,"[]",NO_PEAK,"[]",NO_PEAK,"[]",DOUBLE,"[(23, 69)(78, 10)]"
1237678617437143865,NO_PEAK,"[]",NO_PEAK,"[]",NO_PEAK,"[]",NO_PEAK,"[]",DOUBLE,"[(49, 50)(52, 41)]"
1237678617437143873,NO_PEAK,"[]",NO_PEAK,"[]",NO_PEAK,"[]",SINGLE,"[(36, 37)]",DOUBLE,"[(44, 18)(82, 33)]"
1237678617437143889,NO_PEAK,"[]",NO_PEAK,"[]",NO_PEAK,"[]",NO_PEAK,"[]",DOUBLE,"[(42, 1)(66, 60)]"
1237678617973556443,SINGLE,"[(62, 99)]",NO_PEAK,"[]",NO_PEAK,"[]",SINGLE,"[(32, 27)]",DOUBLE,"[(49, 50)(82, 82)]"
1237678617973620850,NO_PEAK,"[]",SINGLE,"[(50, 50)]",SINGLE,"[(50, 50)]",SINGLE,"[(50, 50)]",NO_PEAK,"[]"
1237678617973620880,NO_PEAK,"[]",NO_PEAK,"[]",SINGLE,"[(20, 41)]",SINGLE,"[(20, 41)]",NO_PEAK,"[]"
1237678617973620885,NO_PEAK,"[]",SINGLE,"[(50, 49)]",NO_PEAK,"[]",NO_PEAK,"[]",NO_PEAK,"[]"
1237678617973621180,NO_PEAK,"[]",NO_PEAK,"[]",NO_PEAK,"[]",NO_PEAK,"[]",NO_PEAK,"[]"
1237678617973621269,NO_PEAK,"[]",NO_PEAK,"[]",NO_PEAK,"[]",NO_PEAK,"[]",DOUBLE,"[(44, 29)(51, 50)]"
1237678617437209204,NO_PEAK,"[]",NO_PEAK,"[]",NO_PEAK,"[]",SINGLE,"[(7, 75)]",NO_PEAK,"[]"
1237678617437209247,NO_PEAK,"[]",NO_PEAK,"[]",NO_PEAK,"[]",NO_PEAK,"[]",NO_PEAK,"[]"
1237678617973752628,SINGLE,"[(96, 10)]",NO_PEAK,"[]",SINGLE,"[(50, 50)]",NO_PEAK,"[]",DOUBLE,"[(48, 50)(75, 27)]"
1237678617973752725,SINGLE,"[(11, 42)]",NO_PEAK,"[]",NO_PEAK,"[]",SINGLE,"[(50, 50)]",NO_PEAK,"[]"
1237678617973752750,NO_PEAK,"[]",NO_PEAK,"[]",NO_PEAK,"[]",SINGLE,"[(18, 19)]",DOUBLE,"[(19, 93)(49, 50)]"
1237678617973752760,NO_PEAK,"[]",NO_PEAK,"[]",NO_PEAK,"[]",NO_PEAK,"[]",NO_PEAK,"[]"
1237678617973752775,NO_PEAK,"[]",NO_PEAK,"[]",NO_PEAK,"[]",NO_PEAK,"[]",NO_PEAK,"[]"
1237678617973817796,NO_PEAK,"[]",NO_PEAK,"[]",SINGLE,"[(49, 50)]",SINGLE,"[(50, 50)]",DOUBLE,"[(50, 50)(51, 43)]"
1237678617973817916,NO_PEAK,"[]",NO_PEAK,"[]",NO_PEAK,"[]",NO_PEAK,"[]",DOUBLE,"[(60, 61)(95, 1)]"
1237678617973818043,NO_PEAK,"[]",NO_PEAK,"[]",NO_PEAK,"[]",NO_PEAK,"[]",NO_PEAK,"[]"
1237678617973818075,NO_PEAK,"[]",NO_PEAK,"[]",SINGLE,"[(38, 13)]",SINGLE,"[(37, 13)]",DOUBLE,"[(18, 72)(49, 49)]"
1237678617973818106,NO_PEAK,"[]",NO_PEAK,"[]",SINGLE,"[(50, 50)]",NO_PEAK,"[]",DOUBLE,"[(49, 50)(99, 10)]"
1237678617973883114,NO_PEAK,"[]",NO_PEAK,"[]",SINGLE,"[(14, 41)]",SINGLE,"[(14, 42)]",NO_PEAK,"[]"
1237678617437274990,SINGLE,"[(94, 93)]",NO_PEAK,"[]",NO_PEAK,"[]",NO_PEAK,"[]",NO_PEAK,"[]"
1237678617437339874,NO_PEAK,"[]",NO_PEAK,"[]",NO_PEAK,"[]",NO_PEAK,"[]",NO_PEAK,"[]"
1237678617437339880,NO_PEAK,"[]",NO_PEAK,"[]",NO_PEAK,"[]",NO_PEAK,"[]",DOUBLE,"[(84, 94)(73, 53)]"
1237678617437339966,SINGLE,"[(89, 76)]",NO_PEAK,"[]",NO_PEAK,"[]",NO_PEAK,"[]",DOUBLE,"[(1, 43)(48, 50)]"
1237678617437340224,NO_PEAK,"[]",NO_PEAK,"[]",NO_PEAK,"[]",NO_PEAK,"[]",NO_PEAK,"[]"
1237678617437340237,SINGLE,"[(76, 99)]",NO_PEAK,"[]",NO_PEAK,"[]",NO_PEAK,"[]",NO_PEAK,"[]"
1237678617437340422,NO_PEAK,"[]",NO_PEAK,"[]",NO_PEAK,"[]",NO_PEAK,"[]",NO_PEAK,"[]"
1237678617437405315,NO_PEAK,"[]",NO_PEAK,"[]",NO_PEAK,"[]",NO_PEAK,"[]",NO_PEAK,"[]"
1237678617437405335,NO_PEAK,"[]",SINGLE,"[(35, 11)]",SINGLE,"[(35, 10)]",SINGLE,"[(35, 10)]",NO_PEAK,"[]"
1237678617973883214,NO_PEAK,"[]",NO_PEAK,"[]",NO_PEAK,"[]",NO_PEAK,"[]",NO_PEAK,"[]"
1237678617973883438,NO_PEAK,"[]",SINGLE,"[(50, 50)]",SINGLE,"[(50, 50)]",SINGLE,"[(50, 50)]",NO_PEAK,"[]"
1237678617973883450,NO_PEAK,"[]",SINGLE,"[(50, 50)]",SINGLE,"[(50, 50)]",NO_PEAK,"[]",DOUBLE,"[(51, 50)(81, 60)]"
1237678617973883489,NO_PEAK,"[]",NO_PEAK,"[]",NO_PEAK,"[]",SINGLE,"[(1, 35)]",NO_PEAK,"[]"
1237678617973883511,SINGLE,"[(1, 5)]",NO_PEAK,"[]",NO_PEAK,"[]",SINGLE,"[(49, 50)]",NO_PEAK,"[]"
1237678617437405495,NO_PEAK,"[]",NO_PEAK,"[]",NO_PEAK,"[]",NO_PEAK,"[]",NO_PEAK,"[]"
1237678617973883619,NO_PEAK,"[]",NO_PEAK,"[]",NO_PEAK,"[]",SINGLE,"[(16, 1)]",NO_PEAK,"[]"
1237678617973883665,SINGLE,"[(86, 99)]",NO_PEAK,"[]",NO_PEAK,"[]",NO_PEAK,"[]",DOUBLE,"[(11, 98)(8, 20)]"
1237678617973883791,NO_PEAK,"[]",NO_PEAK,"[]",NO_PEAK,"[]",NO_PEAK,"[]",DOUBLE,"[(95, 17)(14, 36)]"
1237678617973883886,NO_PEAK,"[]",NO_PEAK,"[]",NO_PEAK,"[]",SINGLE,"[(26, 57)]",DOUBLE,"[(94, 22)(3, 6)]"
1237678617437405535,NO_PEAK,"[]",NO_PEAK,"[]",NO_PEAK,"[]",NO_PEAK,"[]",DOUBLE,"[(4, 6)(56, 58)]"
1237678617437405547,NO_PEAK,"[]",NO_PEAK,"[]",NO_PEAK,"[]",SINGLE,"[(49, 31)]",DOUBLE,"[(51, 50)(53, 43)]"
1237678617973948928,NO_PEAK,"[]",NO_PEAK,"[]",NO_PEAK,"[]",NO_PEAK,"[]",DOUBLE,"[(31, 90)(29, 14)]"
1237678617973949025,NO_PEAK,"[]",NO_PEAK,"[]",NO_PEAK,"[]",NO_PEAK,"[]",NO_PEAK,"[]"
1237678617973949032,NO_PEAK,"[]",NO_PEAK,"[]",SINGLE,"[(50, 50)]",SINGLE,"[(50, 50)]",NO_PEAK,"[]"
1237678617973949223,NO_PEAK,"[]",NO_PEAK,"[]",NO_PEAK,"[]",NO_PEAK,"[]",DOUBLE,"[(13, 7)(20, 30)]"
1237678617973949249,NO_PEAK,"[]",NO_PEAK,"[]",SINGLE,"[(49, 15)]",SINGLE,"[(49, 15)]",NO_PEAK,"[]"
1237678617973949299,NO_PEAK,"[]",NO_PEAK,"[]",NO_PEAK,"[]",NO_PEAK,"[]",DOUBLE,"[(57, 32)(14, 31)]"
1237678617973949324,NO_PEAK,"[]",NO_PEAK,"[]",NO_PEAK,"[]",NO_PEAK,"[]",DOUBLE,"[(5, 31)(33, 8)]"
1237678617973949346,NO_PEAK,"[]",NO_PEAK,"[]",NO_PEAK,"[]",SINGLE,"[(3, 36)]",NO_PEAK,"[]"
1237678617973949447,NO_PEAK,"[]",NO_PEAK,"[]",NO_PEAK,"[]",SINGLE,"[(30, 41)]",DOUBLE,"[(83, 72)(30, 41)]"
1237678617973949489,NO_PEAK,"[]",NO_PEAK,"[]",NO_PEAK,"[]",NO_PEAK,"[]",DOUBLE,"[(27, 49)(50, 50)]"
1237678617437471413,SINGLE,"[(77, 60)]",NO_PEAK,"[]",NO_PEAK,"[]",SINGLE,"[(30, 22)]",DOUBLE,"[(46, 21)(29, 19)]"
1237678617437471439,NO_PEAK,"[]",NO_PEAK,"[]",NO_PEAK,"[]",NO_PEAK,"[]",NO_PEAK,"[]"
1237678617437471616,NO_PEAK,"[]",NO_PEAK,"[]",NO_PEAK,"[]",NO_PEAK,"[]",DOUBLE,"[(49, 82)(92, 55)]"
1237678617437471639,NO_PEAK,"[]",NO_PEAK,"[]",NO_PEAK,"[]",NO_PEAK,"[]",NO_PEAK,"[]"
1237678617437471676,NO_PEAK,"[]",NO_PEAK,"[]",NO_PEAK,"[]",NO_PEAK,"[]",NO_PEAK,"[]"
1237678617974079540,NO_PEAK,"[]",NO_PEAK,"[]",NO_PEAK,"[]",NO_PEAK,"[]",NO_PEAK,"[]"
1237678617974079666,NO_PEAK,"[]",NO_PEAK,"[]",NO_PEAK,"[]",NO_PEAK,"[]",NO_PEAK,"[]"
1237678617974079754,NO_PEAK,"[]",NO_PEAK,"[]",NO_PEAK,"[]",NO_PEAK,"[]",NO_PEAK,"[]"
1237678617974079759,SINGLE,"[(44, 10)]",SINGLE,"[(50, 50)]",SINGLE,"[(50, 50)]",NO_PEAK,"[]",NO_PEAK,"[]"
1237678617974079817,NO_PEAK,"[]",NO_PEAK,"[]",NO_PEAK,"[]",NO_PEAK,"[]",DOUBLE,"[(62, 94)(85, 91)]"
1237678617974079848,NO_PEAK,"[]",NO_PEAK,"[]",NO_PEAK,"[]",NO_PEAK,"[]",DOUBLE,"[(7, 16)(27, 15)]"
1237678617974079899,NO_PEAK,"[]",SINGLE,"[(8, 2)]",SINGLE,"[(7, 3)]",SINGLE,"[(8, 3)]",SINGLE,"[(8, 3)]"
1237678617974079910,NO_PEAK,"[]",NO_PEAK,"[]",NO_PEAK,"[]",NO_PEAK,"[]",DOUBLE,"[(40, 38)(56, 50)]"
1237678617974079957,SINGLE,"[(25, 27)]",NO_PEAK,"[]",NO_PEAK,"[]",NO_PEAK,"[]",DOUBLE,"[(40, 87)(52, 26)]"
1237678617437537282,NO_PEAK,"[]",NO_PEAK,"[]",NO_PEAK,"[]",NO_PEAK,"[]",DOUBLE,"[(99, 48)(50, 50)]"
1237678617437537283,NO_PEAK,"[]",NO_PEAK,"[]",NO_PEAK,"[]",NO_PEAK,"[]",NO_PEAK,"[]"
1237678617437537287,SINGLE,"[(28, 36)]",NO_PEAK,"[]",NO_PEAK,"[]",NO_PEAK,"[]",NO_PEAK,"[]"
1237678617437537289,NO_PEAK,"[]",NO_PEAK,"[]",NO_PEAK,"[]",NO_PEAK,"[]",DOUBLE,"[(44, 99)(14, 23)]"
1237678617974210959,SINGLE,"[(97, 71)]",SINGLE,"[(50, 50)]",SINGLE,"[(50, 50)]",SINGLE,"[(27, 15)]",DOUBLE,"[(50, 49)(28, 14)]"
1237678617974211102,NO_PEAK,"[]",NO_PEAK,"[]",SINGLE,"[(32, 34)]",SINGLE,"[(32, 34)]",NO_PEAK,"[]"
1237678617974211140,NO_PEAK,"[]",NO_PEAK,"[]",NO_PEAK,"[]",NO_PEAK,"[]",DOUBLE,"[(37, 18)(20, 32)]"
1237678617974211150,NO_PEAK,"[]",NO_PEAK,"[]",NO_PEAK,"[]",NO_PEAK,"[]",NO_PEAK,"[]"
1237678617974211179,SINGLE,"[(99, 16)]",NO_PEAK,"[]",NO_PEAK,"[]",NO_PEAK,"[]",DOUBLE,"[(46, 49)(71, 81)]"
1237678617437537327,NO_PEAK,"[]",NO_PEAK,"[]",NO_PEAK,"[]",SINGLE,"[(50, 50)]",NO_PEAK,"[]"
1237678617437537353,NO_PEAK,"[]",NO_PEAK,"[]",NO_PEAK,"[]",NO_PEAK,"[]",DOUBLE,"[(50, 49)(6, 39)]"
1237678617974211293,SINGLE,"[(8, 93)]",NO_PEAK,"[]",NO_PEAK,"[]",NO_PEAK,"[]",DOUBLE,"[(46, 31)(14, 78)]"
1237678617974211350,SINGLE,"[(27, 96)]",NO_PEAK,"[]",NO_PEAK,"[]",NO_PEAK,"[]",DOUBLE,"[(97, 34)(57, 55)]"
1237678617974211413,SINGLE,"[(31, 72)]",NO_PEAK,"[]",NO_PEAK,"[]",NO_PEAK,"[]",DOUBLE,"[(54, 1)(70, 75)]"
1237678617974211480,NO_PEAK,"[]",NO_PEAK,"[]",NO_PEAK,"[]",NO_PEAK,"[]",DOUBLE,"[(1, 40)(95, 34)]"
1237678617974211487,NO_PEAK,"[]",NO_PEAK,"[]",NO_PEAK,"[]",SINGLE,"[(49, 50)]",DOUBLE,"[(94, 96)(85, 8)]"
1237678617974211537,NO_PEAK,"[]",NO_PEAK,"[]",NO_PEAK,"[]",SINGLE,"[(50, 51)]",DOUBLE,"[(51, 51)(81, 81)]"
1237678617974276978,SINGLE,"[(93, 83)]",NO_PEAK,"[]",NO_PEAK,"[]",NO_PEAK,"[]",DOUBLE,"[(50, 51)(33, 70)]"
1237678617974277021,NO_PEAK,"[]",NO_PEAK,"[]",NO_PEAK,"[]",NO_PEAK,"[]",DOUBLE,"[(34, 15)(50, 49)]"
1237678617974277030,NO_PEAK,"[]",NO_PEAK,"[]",NO_PEAK,"[]",NO_PEAK,"[]",DOUBLE,"[(21, 55)(35, 93)]"
1237678617437667510,NO_PEAK,"[]",NO_PEAK,"[]",SINGLE,"[(33, 18)]",SINGLE,"[(33, 18)]",SINGLE,"[(11, 8)]"
1237678617437667578,NO_PEAK,"[]",NO_PEAK,"[]",SINGLE,"[(50, 50)]",SINGLE,"[(50, 50)]",NO_PEAK,"[]"
1237678617437667627,NO_PEAK,"[]",NO_PEAK,"[]",NO_PEAK,"[]",NO_PEAK,"[]",DOUBLE,"[(83, 39)(9, 55)]"
1237678617437667785,NO_PEAK,"[]",NO_PEAK,"[]",NO_PEAK,"[]",NO_PEAK,"[]",DOUBLE,"[(32, 57)(51, 25)]"
1237678617437667807,SINGLE,"[(62, 38)]",NO_PEAK,"[]",NO_PEAK,"[]",NO_PEAK,"[]",NO_PEAK,"[]"
1237678617974341658,NO_PEAK,"[]",SINGLE,"[(50, 50)]",SINGLE,"[(50, 50)]",NO_PEAK,"[]",NO_PEAK,"[]"
1237678617974341704,NO_PEAK,"[]",SINGLE,"[(30, 4)]",NO_PEAK,"[]",NO_PEAK,"[]",NO_PEAK,"[]"
1237678617974341777,NO_PEAK,"[]",SINGLE,"[(51, 19)]",SINGLE,"[(52, 19)]",SINGLE,"[(51, 19)]",NO_PEAK,"[]"
1237678617974341778,NO_PEAK,"[]",NO_PEAK,"[]",NO_PEAK,"[]",NO_PEAK,"[]",NO_PEAK,"[]"
1237678617974342377,SINGLE,"[(20, 61)]",NO_PEAK,"[]",NO_PEAK,"[]",NO_PEAK,"[]",DOUBLE,"[(48, 95)(62, 34)]"
1237678617971327514,NO_PEAK,"[]",SINGLE,"[(50, 49)]",SINGLE,"[(50, 50)]",NO_PEAK,"[]",NO_PEAK,"[]"
1237678617971459183,NO_PEAK,"[]",NO_PEAK,"[]",NO_PEAK,"[]",NO_PEAK,"[]",DOUBLE,"[(50, 49)(60, 78)]"
1237678617971655073,NO_PEAK,"[]",NO_PEAK,"[]",NO_PEAK,"[]",NO_PEAK,"[]",DOUBLE,"[(99, 86)(75, 31)]"
1237678617971655560,SINGLE,"[(54, 45)]",NO_PEAK,"[]",NO_PEAK,"[]",SINGLE,"[(35, 28)]",DOUBLE,"[(35, 28)(58, 32)]"
1237678617971720635,NO_PEAK,"[]",NO_PEAK,"[]",NO_PEAK,"[]",NO_PEAK,"[]",DOUBLE,"[(91, 13)(81, 25)]"
1237678617971721209,SINGLE,"[(6, 98)]",NO_PEAK,"[]",NO_PEAK,"[]",NO_PEAK,"[]",DOUBLE,"[(55, 84)(50, 50)]"
1237678617971786109,NO_PEAK,"[]",NO_PEAK,"[]",SINGLE,"[(50, 50)]",NO_PEAK,"[]",DOUBLE,"[(50, 51)(95, 66)]"
1237678617971786624,SINGLE,"[(22, 19)]",NO_PEAK,"[]",NO_PEAK,"[]",SINGLE,"[(24, 15)]",DOUBLE,"[(24, 16)(68, 27)]"
1237678617974342378,SINGLE,"[(12, 4)]",NO_PEAK,"[]",SINGLE,"[(51, 50)]",NO_PEAK,"[]",NO_PEAK,"[]"
1237678617974342411,NO_PEAK,"[]",NO_PEAK,"[]",SINGLE,"[(4, 47)]",NO_PEAK,"[]",NO_PEAK,"[]"
1237678617971851557,NO_PEAK,"[]",NO_PEAK,"[]",NO_PEAK,"[]",NO_PEAK,"[]",DOUBLE,"[(50, 62)(17, 46)]"
1237678617971851908,NO_PEAK,"[]",NO_PEAK,"[]",NO_PEAK,"[]",SINGLE,"[(16, 30)]",NO_PEAK,"[]"
1237678617971851956,SINGLE,"[(93, 77)]",NO_PEAK,"[]",NO_PEAK,"[]",NO_PEAK,"[]",DOUBLE,"[(64, 57)(77, 21)]"
1237678617974342433,NO_PEAK,"[]",SINGLE,"[(49, 50)]",SINGLE,"[(50, 50)]",NO_PEAK,"[]",DOUBLE,"[(50, 50)(42, 64)]"
1237678617974342443,SINGLE,"[(51, 26)]",NO_PEAK,"[]",NO_PEAK,"[]",NO_PEAK,"[]",NO_PEAK,"[]"
1237678617974342469,NO_PEAK,"[]",NO_PEAK,"[]",NO_PEAK,"[]",NO_PEAK,"[]",NO_PEAK,"[]"
1237678617974342482,SINGLE,"[(40, 74)]",NO_PEAK,"[]",NO_PEAK,"[]",NO_PEAK,"[]",DOUBLE,"[(95, 15)(80, 76)]"
1237678617971982508,NO_PEAK,"[]",SINGLE,"[(7, 90)]",NO_PEAK,"[]",SINGLE,"[(50, 50)]",NO_PEAK,"[]"
1237678617971982873,NO_PEAK,"[]",NO_PEAK,"[]",NO_PEAK,"[]",DOUBLE,"[(13, 94)(2, 92)]",NO_PEAK,"[]"
1237678617971983445,NO_PEAK,"[]",NO_PEAK,"[]",NO_PEAK,"[]",NO_PEAK,"[]",DOUBLE,"[(15, 19)(94, 34)]"
1237678617972048483,SINGLE,"[(86, 85)]",NO_PEAK,"[]",NO_PEAK,"[]",NO_PEAK,"[]",DOUBLE,"[(62, 81)(80, 37)]"
1237678617972049196,SINGLE,"[(40, 35)]",NO_PEAK,"[]",NO_PEAK,"[]",NO_PEAK,"[]",DOUBLE,"[(99, 38)(50, 50)]"
1237678617972113583,NO_PEAK,"[]",SINGLE,"[(37, 39)]",DOUBLE,"[(37, 39)(50, 50)]",DOUBLE,"[(37, 39)(50, 49)]",NO_PEAK,"[]"
1237678617972113940,NO_PEAK,"[]",NO_PEAK,"[]",NO_PEAK,"[]",NO_PEAK,"[]",DOUBLE,"[(12, 33)(10, 71)]"
1237678617972114338,NO_PEAK,"[]",NO_PEAK,"[]",NO_PEAK,"[]",NO_PEAK,"[]",DOUBLE,"[(55, 23)(27, 94)]"
1237678617972114427,NO_PEAK,"[]",NO_PEAK,"[]",NO_PEAK,"[]",NO_PEAK,"[]",NO_PEAK,"[]"
1237678617972179142,SINGLE,"[(50, 49)]",SINGLE,"[(50, 49)]",SINGLE,"[(50, 50)]",SINGLE,"[(50, 50)]",NO_PEAK,"[]"
1237678617972179368,NO_PEAK,"[]",NO_PEAK,"[]",SINGLE,"[(51, 50)]",NO_PEAK,"[]",DOUBLE,"[(45, 35)(49, 49)]"
1237678617972179388,SINGLE,"[(12, 26)]",NO_PEAK,"[]",SINGLE,"[(50, 50)]",NO_PEAK,"[]",DOUBLE,"[(95, 56)(66, 15)]"
1237678617972180036,NO_PEAK,"[]",NO_PEAK,"[]",NO_PEAK,"[]",NO_PEAK,"[]",DOUBLE,"[(82, 67)(55, 18)]"
1237678617974342541,NO_PEAK,"[]",NO_PEAK,"[]",NO_PEAK,"[]",NO_PEAK,"[]",DOUBLE,"[(82, 62)(68, 98)]"
1237678617972244811,NO_PEAK,"[]",NO_PEAK,"[]",NO_PEAK,"[]",NO_PEAK,"[]",NO_PEAK,"[]"
1237678617974342622,SINGLE,"[(2, 68)]",NO_PEAK,"[]",SINGLE,"[(50, 49)]",NO_PEAK,"[]",DOUBLE,"[(50, 50)(40, 18)]"
1237678617974407355,NO_PEAK,"[]",NO_PEAK,"[]",NO_PEAK,"[]",NO_PEAK,"[]",NO_PEAK,"[]"
1237678617974407369,NO_PEAK,"[]",NO_PEAK,"[]",NO_PEAK,"[]",NO_PEAK,"[]",NO_PEAK,"[]"
1237678617974407551,NO_PEAK,"[]",NO_PEAK,"[]",NO_PEAK,"[]",NO_PEAK,"[]",NO_PEAK,"[]"
1237678617974407557,NO_PEAK,"[]",NO_PEAK,"[]",SINGLE,"[(45, 6)]",SINGLE,"[(45, 5)]",DOUBLE,"[(45, 6)(51, 51)]"
1237678617972310823,NO_PEAK,"[]",SINGLE,"[(50, 51)]",SINGLE,"[(50, 50)]",NO_PEAK,"[]",DOUBLE,"[(50, 50)(93, 48)]"
1237678617972310858,SINGLE,"[(10, 59)]",NO_PEAK,"[]",NO_PEAK,"[]",SINGLE,"[(10, 36)]",DOUBLE,"[(16, 54)(27, 86)]"
1237678617972376618,NO_PEAK,"[]",NO_PEAK,"[]",NO_PEAK,"[]",NO_PEAK,"[]",NO_PEAK,"[]"
1237678617972376642,NO_PEAK,"[]",NO_PEAK,"[]",NO_PEAK,"[]",SINGLE,"[(50, 50)]",DOUBLE,"[(90, 97)(49, 51)]"
1237678617972441676,NO_PEAK,"[]",SINGLE,"[(34, 16)]",SINGLE,"[(35, 16)]",SINGLE,"[(35, 16)]",NO_PEAK,"[]"
1237678617972441679,NO_PEAK,"[]",NO_PEAK,"[]",SINGLE,"[(36, 35)]",SINGLE,"[(37, 35)]",NO_PEAK,"[]"
1237678617972442346,NO_PEAK,"[]",NO_PEAK,"[]",NO_PEAK,"[]",SINGLE,"[(50, 49)]",DOUBLE,"[(92, 90)(82, 92)]"
1237678617972442406,SINGLE,"[(4, 95)]",NO_PEAK,"[]",NO_PEAK,"[]",NO_PEAK,"[]",DOUBLE,"[(87, 30)(71, 70)]"
1237678617972506837,NO_PEAK,"[]",NO_PEAK,"[]",NO_PEAK,"[]",NO_PEAK,"[]",NO_PEAK,"[]"
1237678617972507242,NO_PEAK,"[]",NO_PEAK,"[]",NO_PEAK,"[]",NO_PEAK,"[]",DOUBLE,"[(48, 92)(64, 15)]"
1237678617972507344,SINGLE,"[(22, 25)]",NO_PEAK,"[]",NO_PEAK,"[]",SINGLE,"[(2, 25)]",NO_PEAK,"[]"
1237678617972507505,NO_PEAK,"[]",NO_PEAK,"[]",SINGLE,"[(50, 50)]",NO_PEAK,"[]",DOUBLE,"[(47, 72)(54, 8)]"
1237678617972507508,NO_PEAK,"[]",NO_PEAK,"[]",SINGLE,"[(50, 50)]",SINGLE,"[(50, 50)]",DOUBLE,"[(50, 50)(12, 23)]"
1237678617972507730,NO_PEAK,"[]",NO_PEAK,"[]",NO_PEAK,"[]",NO_PEAK,"[]",NO_PEAK,"[]"
1237678617972572628,NO_PEAK,"[]",SINGLE,"[(51, 50)]",SINGLE,"[(50, 50)]",NO_PEAK,"[]",DOUBLE,"[(50, 50)(56, 70)]"
1237678617974407722,SINGLE,"[(82, 41)]",NO_PEAK,"[]",NO_PEAK,"[]",SINGLE,"[(50, 51)]",NO_PEAK,"[]"
1237678617972572975,SINGLE,"[(32, 22)]",NO_PEAK,"[]",NO_PEAK,"[]",NO_PEAK,"[]",DOUBLE,"[(75, 54)(82, 97)]"
1237678617972573014,NO_PEAK,"[]",NO_PEAK,"[]",NO_PEAK,"[]",SINGLE,"[(13, 38)]",DOUBLE,"[(50, 51)(13, 39)]"
1237678617972573104,NO_PEAK,"[]",NO_PEAK,"[]",NO_PEAK,"[]",SINGLE,"[(38, 45)]",DOUBLE,"[(99, 95)(60, 20)]"
1237678617972573281,NO_PEAK,"[]",NO_PEAK,"[]",SINGLE,"[(50, 50)]",NO_PEAK,"[]",DOUBLE,"[(50, 50)(89, 1)]"
1237678617974407766,SINGLE,"[(3, 89)]",NO_PEAK,"[]",SINGLE,"[(50, 50)]",SINGLE,"[(50, 50)]",NO_PEAK,"[]"
1237678617974407803,NO_PEAK,"[]",NO_PEAK,"[]",NO_PEAK,"[]",SINGLE,"[(4, 3)]",NO_PEAK,"[]"
1237678617974407888,SINGLE,"[(15, 78)]",NO_PEAK,"[]",NO_PEAK,"[]",NO_PEAK,"[]",DOUBLE,"[(86, 91)(82, 84)]"
1237678617974408139,SINGLE,"[(44, 4)]",NO_PEAK,"[]",NO_PEAK,"[]",NO_PEAK,"[]",NO_PEAK,"[]"
1237678617974408202,NO_PEAK,"[]",NO_PEAK,"[]",NO_PEAK,"[]",NO_PEAK,"[]",DOUBLE,"[(72, 14)(13, 56)]"
1237678617974408253,NO_PEAK,"[]",NO_PEAK,"[]",NO_PEAK,"[]",NO_PEAK,"[]",DOUBLE,"[(50, 50)(54, 14)]"
1237678617974472851,SINGLE,"[(52, 44)]",DOUBLE,"[(51, 45)(50, 50)]",DOUBLE,"[(52, 45)(50, 50)]",DOUBLE,"[(51, 49)(52, 44)]",NO_PEAK,"[]"
1237678617974473026,SINGLE,"[(58, 14)]",NO_PEAK,"[]",NO_PEAK,"[]",DOUBLE,"[(9, 38)(16, 40)]",DOUBLE,"[(9, 38)(16, 41)]"
1237678617972703933,NO_PEAK,"[]",NO_PEAK,"[]",NO_PEAK,"[]",SINGLE,"[(51, 50)]",NO_PEAK,"[]"
1237678617972704107,SINGLE,"[(9, 59)]",NO_PEAK,"[]",SINGLE,"[(20, 44)]",SINGLE,"[(31, 27)]",DOUBLE,"[(31, 27)(47, 82)]"
1237678617972704253,NO_PEAK,"[]",NO_PEAK,"[]",NO_PEAK,"[]",NO_PEAK,"[]",DOUBLE,"[(5, 85)(50, 50)]"
1237678617974473067,NO_PEAK,"[]",NO_PEAK,"[]",NO_PEAK,"[]",NO_PEAK,"[]",NO_PEAK,"[]"
1237678617974473156,NO_PEAK,"[]",NO_PEAK,"[]",NO_PEAK,"[]",NO_PEAK,"[]",NO_PEAK,"[]"
1237678617974473172,NO_PEAK,"[]",NO_PEAK,"[]",NO_PEAK,"[]",NO_PEAK,"[]",DOUBLE,"[(19, 78)(60, 49)]"
1237678617974473288,NO_PEAK,"[]",NO_PEAK,"[]",SINGLE,"[(50, 50)]",NO_PEAK,"[]",DOUBLE,"[(50, 50)(77, 58)]"
1237678617974473397,NO_PEAK,"[]",NO_PEAK,"[]",NO_PEAK,"[]",SINGLE,"[(22, 33)]",NO_PEAK,"[]"
1237678617974473460,NO_PEAK,"[]",NO_PEAK,"[]",NO_PEAK,"[]",NO_PEAK,"[]",DOUBLE,"[(67, 47)(23, 87)]"
1237678617972769885,NO_PEAK,"[]",NO_PEAK,"[]",NO_PEAK,"[]",SINGLE,"[(44, 34)]",NO_PEAK,"[]"
1237678617972769932,NO_PEAK,"[]",NO_PEAK,"[]",NO_PEAK,"[]",NO_PEAK,"[]",DOUBLE,"[(1, 91)(38, 91)]"
1237680099166388261,NO_PEAK,"[]",SINGLE,"[(50, 50)]",SINGLE,"[(50, 50)]",SINGLE,"[(50, 50)]",NO_PEAK,"[]"
1237678617972770048,NO_PEAK,"[]",NO_PEAK,"[]",NO_PEAK,"[]",NO_PEAK,"[]",DOUBLE,"[(68, 70)(50, 50)]"
1237678617972835211,NO_PEAK,"[]",NO_PEAK,"[]",NO_PEAK,"[]",NO_PEAK,"[]",DOUBLE,"[(62, 85)(79, 68)]"
1237678617972835472,NO_PEAK,"[]",NO_PEAK,"[]",NO_PEAK,"[]",NO_PEAK,"[]",DOUBLE,"[(49, 1)(69, 31)]"
1237678617972835564,NO_PEAK,"[]",NO_PEAK,"[]",NO_PEAK,"[]",NO_PEAK,"[]",NO_PEAK,"[]"
1237678617972899955,NO_PEAK,"[]",NO_PEAK,"[]",NO_PEAK,"[]",NO_PEAK,"[]",DOUBLE,"[(50, 59)(53, 3)]"
1237678617974539093,SINGLE,"[(84, 30)]",NO_PEAK,"[]",NO_PEAK,"[]",SINGLE,"[(15, 53)]",DOUBLE,"[(16, 53)(8, 26)]"
1237678617974735500,SINGLE,"[(2, 1)]",NO_PEAK,"[]",NO_PEAK,"[]",NO_PEAK,"[]",DOUBLE,"[(54, 33)(80, 67)]"
1237678617972899958,NO_PEAK,"[]",NO_PEAK,"[]",NO_PEAK,"[]",NO_PEAK,"[]",NO_PEAK,"[]"
1237678617972900188,NO_PEAK,"[]",NO_PEAK,"[]",NO_PEAK,"[]",NO_PEAK,"[]",SINGLE,"[(27, 34)]"
1237678617972900285,NO_PEAK,"[]",NO_PEAK,"[]",NO_PEAK,"[]",NO_PEAK,"[]",DOUBLE,"[(54, 16)(49, 98)]"
1237678617972900310,NO_PEAK,"[]",NO_PEAK,"[]",SINGLE,"[(50, 50)]",DOUBLE,"[(50, 50)(56, 46)]",DOUBLE,"[(50, 50)(55, 45)]"
1237678617972900385,NO_PEAK,"[]",NO_PEAK,"[]",NO_PEAK,"[]",NO_PEAK,"[]",DOUBLE,"[(37, 30)(49, 50)]"
1237678617972900575,SINGLE,"[(39, 46)]",NO_PEAK,"[]",NO_PEAK,"[]",NO_PEAK,"[]",DOUBLE,"[(56, 78)(2, 3)]"
1237678617972900709,NO_PEAK,"[]",NO_PEAK,"[]",NO_PEAK,"[]",NO_PEAK,"[]",NO_PEAK,"[]"
1237678617972900714,SINGLE,"[(96, 45)]",NO_PEAK,"[]",NO_PEAK,"[]",NO_PEAK,"[]",DOUBLE,"[(57, 33)(77, 48)]"
1237678617972900772,NO_PEAK,"[]",NO_PEAK,"[]",NO_PEAK,"[]",NO_PEAK,"[]",DOUBLE,"[(70, 38)(93, 99)]"
1237678617974735514,SINGLE,"[(5, 80)]",NO_PEAK,"[]",SINGLE,"[(50, 50)]",SINGLE,"[(50, 50)]",DOUBLE,"[(92, 59)(50, 50)]"
1237678617972900825,SINGLE,"[(99, 22)]",NO_PEAK,"[]",NO_PEAK,"[]",NO_PEAK,"[]",DOUBLE,"[(50, 50)(94, 90)]"
1237678617972900827,SINGLE,"[(28, 72)]",NO_PEAK,"[]",NO_PEAK,"[]",NO_PEAK,"[]",DOUBLE,"[(99, 58)(78, 99)]"
1237678617972965494,NO_PEAK,"[]",NO_PEAK,"[]",SINGLE,"[(51, 54)]",SINGLE,"[(52, 53)]",NO_PEAK,"[]"
1237678617972965847,NO_PEAK,"[]",NO_PEAK,"[]",NO_PEAK,"[]",NO_PEAK,"[]",NO_PEAK,"[]"
1237678617972966054,SINGLE,"[(15, 30)]",NO_PEAK,"[]",NO_PEAK,"[]",SINGLE,"[(14, 31)]",DOUBLE,"[(15, 31)(49, 52)]"
1237678617973031233,NO_PEAK,"[]",SINGLE,"[(50, 50)]",SINGLE,"[(49, 51)]",SINGLE,"[(50, 50)]",NO_PEAK,"[]"
1237678617973031322,SINGLE,"[(21, 92)]",NO_PEAK,"[]",NO_PEAK,"[]",NO_PEAK,"[]",DOUBLE,"[(49, 49)(6, 86)]"
1237678617973031536,NO_PEAK,"[]",NO_PEAK,"[]",NO_PEAK,"[]",NO_PEAK,"[]",NO_PEAK,"[]"
1237678617973031662,NO_PEAK,"[]",NO_PEAK,"[]",NO_PEAK,"[]",NO_PEAK,"[]",DOUBLE,"[(50, 48)(51, 88)]"
1237678617973031744,NO_PEAK,"[]",NO_PEAK,"[]",NO_PEAK,"[]",NO_PEAK,"[]",DOUBLE,"[(50, 51)(25, 49)]"
1237678617973031797,NO_PEAK,"[]",NO_PEAK,"[]",NO_PEAK,"[]",NO_PEAK,"[]",NO_PEAK,"[]"
1237678617973031874,SINGLE,"[(27, 23)]",NO_PEAK,"[]",NO_PEAK,"[]",NO_PEAK,"[]",DOUBLE,"[(37, 93)(67, 20)]"
1237678617973032052,NO_PEAK,"[]",NO_PEAK,"[]",NO_PEAK,"[]",NO_PEAK,"[]",DOUBLE,"[(31, 59)(14, 15)]"
1237678617973096735,SINGLE,"[(31, 22)]",SINGLE,"[(43, 1)]",SINGLE,"[(43, 2)]",SINGLE,"[(43, 2)]",NO_PEAK,"[]"
1237678617973096792,NO_PEAK,"[]",NO_PEAK,"[]",NO_PEAK,"[]",NO_PEAK,"[]",DOUBLE,"[(77, 99)(46, 6)]"
1237678617973096861,NO_PEAK,"[]",NO_PEAK,"[]",SINGLE,"[(50, 50)]",NO_PEAK,"[]",DOUBLE,"[(51, 50)(78, 70)]"
1237678617973096894,NO_PEAK,"[]",NO_PEAK,"[]",NO_PEAK,"[]",NO_PEAK,"[]",NO_PEAK,"[]"
1237678617973096901,NO_PEAK,"[]",NO_PEAK,"[]",NO_PEAK,"[]",SINGLE,"[(26, 50)]",NO_PEAK,"[]"
1237678617973097060,NO_PEAK,"[]",NO_PEAK,"[]",NO_PEAK,"[]",NO_PEAK,"[]",DOUBLE,"[(68, 51)(39, 6)]"
1237678617973097179,SINGLE,"[(88, 63)]",NO_PEAK,"[]",NO_PEAK,"[]",NO_PEAK,"[]",DOUBLE,"[(52, 11)(40, 94)]"
1237678617974735924,NO_PEAK,"[]",NO_PEAK,"[]",SINGLE,"[(21, 58)]",NO_PEAK,"[]",DOUBLE,"[(81, 61)(91, 41)]"
1237678617974735958,NO_PEAK,"[]",NO_PEAK,"[]",NO_PEAK,"[]",NO_PEAK,"[]",DOUBLE,"[(15, 89)(36, 79)]"
1237678617974800389,NO_PEAK,"[]",NO_PEAK,"[]",NO_PEAK,"[]",NO_PEAK,"[]",NO_PEAK,"[]"
1237678617974800634,NO_PEAK,"[]",NO_PEAK,"[]",SINGLE,"[(97, 71)]",NO_PEAK,"[]",DOUBLE,"[(65, 18)(65, 87)]"
1237678617974800780,NO_PEAK,"[]",SINGLE,"[(50, 50)]",NO_PEAK,"[]",NO_PEAK,"[]",DOUBLE,"[(50, 50)(68, 70)]"
1237678617974800784,NO_PEAK,"[]",NO_PEAK,"[]",SINGLE,"[(50, 51)]",SINGLE,"[(50, 50)]",DOUBLE,"[(50, 50)(89, 92)]"
1237678617973162271,NO_PEAK,"[]",SINGLE,"[(50, 50)]",NO_PEAK,"[]",NO_PEAK,"[]",DOUBLE,"[(50, 50)(38, 81)]"
1237678617973162364,SINGLE,"[(50, 37)]",NO_PEAK,"[]",NO_PEAK,"[]",NO_PEAK,"[]",NO_PEAK,"[]"
1237678617973162772,NO_PEAK,"[]",NO_PEAK,"[]",NO_PEAK,"[]",NO_PEAK,"[]",NO_PEAK,"[]"
1237678617973162800,NO_PEAK,"[]",NO_PEAK,"[]",NO_PEAK,"[]",NO_PEAK,"[]",DOUBLE,"[(50, 51)(64, 97)]"
1237678617973162813,NO_PEAK,"[]",NO_PEAK,"[]",NO_PEAK,"[]",NO_PEAK,"[]",DOUBLE,"[(9, 78)(6, 53)]"
1237678617973162821,NO_PEAK,"[]",NO_PEAK,"[]",NO_PEAK,"[]",SINGLE,"[(5, 49)]",NO_PEAK,"[]"
1237678617973163170,SINGLE,"[(76, 3)]",NO_PEAK,"[]",NO_PEAK,"[]",NO_PEAK,"[]",NO_PEAK,"[]"
1237678617973163227,NO_PEAK,"[]",NO_PEAK,"[]",NO_PEAK,"[]",NO_PEAK,"[]",DOUBLE,"[(49, 51)(6, 43)]"
1237678617973227816,NO_PEAK,"[]",NO_PEAK,"[]",NO_PEAK,"[]",SINGLE,"[(42, 37)]",DOUBLE,"[(49, 50)(52, 80)]"
1237678617973228117,NO_PEAK,"[]",NO_PEAK,"[]",NO_PEAK,"[]",NO_PEAK,"[]",DOUBLE,"[(51, 50)(82, 90)]"
1237678617973228173,SINGLE,"[(15, 24)]",NO_PEAK,"[]",NO_PEAK,"[]",NO_PEAK,"[]",NO_PEAK,"[]"
1237678617973228203,NO_PEAK,"[]",NO_PEAK,"[]",NO_PEAK,"[]",NO_PEAK,"[]",NO_PEAK,"[]"
1237678617973228569,SINGLE,"[(30, 31)]",NO_PEAK,"[]",NO_PEAK,"[]",NO_PEAK,"[]",DOUBLE,"[(39, 74)(79, 38)]"
1237678617973228663,NO_PEAK,"[]",NO_PEAK,"[]",NO_PEAK,"[]",SINGLE,"[(49, 49)]",DOUBLE,"[(76, 9)(49, 49)]"
1237678617974800958,NO_PEAK,"[]",NO_PEAK,"[]",NO_PEAK,"[]",SINGLE,"[(50, 51)]",NO_PEAK,"[]"
1237678617974800964,NO_PEAK,"[]",NO_PEAK,"[]",NO_PEAK,"[]",NO_PEAK,"[]",DOUBLE,"[(56, 71)(98, 80)]"
1237678617974800998,NO_PEAK,"[]",NO_PEAK,"[]",NO_PEAK,"[]",SINGLE,"[(6, 15)]",DOUBLE,"[(6, 15)(50, 50)]"
1237678617974801123,NO_PEAK,"[]",SINGLE,"[(50, 50)]",SINGLE,"[(50, 50)]",SINGLE,"[(50, 50)]",DOUBLE,"[(50, 50)(74, 7)]"
1237678617973293555,SINGLE,"[(32, 27)]",NO_PEAK,"[]",NO_PEAK,"[]",NO_PEAK,"[]",NO_PEAK,"[]"
1237678617973293691,NO_PEAK,"[]",NO_PEAK,"[]",SINGLE,"[(50, 50)]",SINGLE,"[(50, 50)]",DOUBLE,"[(50, 50)(31, 28)]"
1237678617973293762,NO_PEAK,"[]",NO_PEAK,"[]",NO_PEAK,"[]",SINGLE,"[(34, 25)]",NO_PEAK,"[]"
1237678617973293784,NO_PEAK,"[]",NO_PEAK,"[]",NO_PEAK,"[]",NO_PEAK,"[]",NO_PEAK,"[]"
1237678617973293912,SINGLE,"[(39, 99)]",NO_PEAK,"[]",NO_PEAK,"[]",SINGLE,"[(50, 50)]",DOUBLE,"[(59, 65)(81, 16)]"
1237678617973294228,NO_PEAK,"[]",NO_PEAK,"[]",SINGLE,"[(34, 42)]",SINGLE,"[(34, 41)]",DOUBLE,"[(47, 30)(57, 2)]"
1237678617973294257,NO_PEAK,"[]",NO_PEAK,"[]",NO_PEAK,"[]",NO_PEAK,"[]",NO_PEAK,"[]"
1237678617973294268,SINGLE,"[(43, 77)]",NO_PEAK,"[]",NO_PEAK,"[]",NO_PEAK,"[]",DOUBLE,"[(15, 84)(55, 90)]"
1237678617974801126,NO_PEAK,"[]",NO_PEAK,"[]",SINGLE,"[(50, 50)]",SINGLE,"[(31, 32)]",DOUBLE,"[(51, 50)(56, 86)]"
1237678617974801180,NO_PEAK,"[]",NO_PEAK,"[]",SINGLE,"[(50, 50)]",SINGLE,"[(50, 50)]",NO_PEAK,"[]"
1237678617974801224,NO_PEAK,"[]",NO_PEAK,"[]",SINGLE,"[(50, 51)]",SINGLE,"[(50, 50)]",DOUBLE,"[(66, 1)(50, 50)]"
1237678617974801299,NO_PEAK,"[]",NO_PEAK,"[]",NO_PEAK,"[]",NO_PEAK,"[]",DOUBLE,"[(74, 84)(78, 26)]"
1237678617974801315,NO_PEAK,"[]",NO_PEAK,"[]",NO_PEAK,"[]",NO_PEAK,"[]",DOUBLE,"[(44, 33)(54, 66)]"
1237678617974801381,NO_PEAK,"[]",NO_PEAK,"[]",NO_PEAK,"[]",NO_PEAK,"[]",DOUBLE,"[(71, 89)(12, 58)]"
1237678617973294342,NO_PEAK,"[]",NO_PEAK,"[]",NO_PEAK,"[]",SINGLE,"[(17, 24)]",NO_PEAK,"[]"
1237678617973294463,NO_PEAK,"[]",NO_PEAK,"[]",NO_PEAK,"[]",NO_PEAK,"[]",DOUBLE,"[(49, 50)(73, 1)]"
1237678617973294477,NO_PEAK,"[]",NO_PEAK,"[]",NO_PEAK,"[]",SINGLE,"[(19, 34)]",NO_PEAK,"[]"
1237678617973294547,SINGLE,"[(3, 69)]",NO_PEAK,"[]",NO_PEAK,"[]",NO_PEAK,"[]",DOUBLE,"[(50, 50)(7, 45)]"
1237678617973294563,NO_PEAK,"[]",NO_PEAK,"[]",NO_PEAK,"[]",NO_PEAK,"[]",DOUBLE,"[(91, 2)(17, 89)]"
1237678617973294569,SINGLE,"[(74, 65)]",NO_PEAK,"[]",SINGLE,"[(18, 1)]",NO_PEAK,"[]",DOUBLE,"[(18, 1)(90, 94)]"
1237678617973359767,NO_PEAK,"[]",NO_PEAK,"[]",NO_PEAK,"[]",NO_PEAK,"[]",DOUBLE,"[(28, 58)(65, 30)]"
1237678617974801385,NO_PEAK,"[]",NO_PEAK,"[]",NO_PEAK,"[]",NO_PEAK,"[]",NO_PEAK,"[]"
1237680000377553532,NO_PEAK,"[]",SINGLE,"[(51, 50)]",SINGLE,"[(50, 50)]",SINGLE,"[(50, 50)]",DOUBLE,"[(70, 95)(50, 50)]"
1237680000377553779,NO_PEAK,"[]",NO_PEAK,"[]",NO_PEAK,"[]",NO_PEAK,"[]",DOUBLE,"[(5, 67)(26, 34)]"
1237678617973424717,SINGLE,"[(50, 58)]",NO_PEAK,"[]",NO_PEAK,"[]",NO_PEAK,"[]",DOUBLE,"[(91, 73)(49, 49)]"
1237678617973490095,NO_PEAK,"[]",NO_PEAK,"[]",SINGLE,"[(13, 13)]",NO_PEAK,"[]",DOUBLE,"[(87, 29)(78, 66)]"
1237678617973490289,NO_PEAK,"[]",NO_PEAK,"[]",NO_PEAK,"[]",NO_PEAK,"[]",DOUBLE,"[(40, 67)(32, 84)]"
1237678617973490410,NO_PEAK,"[]",NO_PEAK,"[]",SINGLE,"[(5, 35)]",SINGLE,"[(5, 35)]",NO_PEAK,"[]"
1237680000377619247,NO_PEAK,"[]",NO_PEAK,"[]",DOUBLE,"[(49, 50)(48, 46)]",NO_PEAK,"[]",DOUBLE,"[(73, 75)(51, 91)]"
1237680000377619330,NO_PEAK,"[]",NO_PEAK,"[]",SINGLE,"[(50, 50)]",NO_PEAK,"[]",DOUBLE,"[(32, 53)(46, 32)]"
1237678617973555653,NO_PEAK,"[]",NO_PEAK,"[]",NO_PEAK,"[]",NO_PEAK,"[]",NO_PEAK,"[]"
1237678617973555753,SINGLE,"[(76, 62)]",SINGLE,"[(50, 50)]",SINGLE,"[(50, 50)]",SINGLE,"[(50, 50)]",NO_PEAK,"[]"
1237678617973686372,NO_PEAK,"[]",SINGLE,"[(50, 50)]",SINGLE,"[(50, 51)]",SINGLE,"[(50, 50)]",NO_PEAK,"[]"
1237678617973686644,NO_PEAK,"[]",NO_PEAK,"[]",SINGLE,"[(50, 50)]",SINGLE,"[(50, 50)]",NO_PEAK,"[]"
1237678617973686752,NO_PEAK,"[]",NO_PEAK,"[]",NO_PEAK,"[]",NO_PEAK,"[]",NO_PEAK,"[]"
1237678617973686939,NO_PEAK,"[]",NO_PEAK,"[]",SINGLE,"[(50, 50)]",SINGLE,"[(49, 51)]",NO_PEAK,"[]"
1237680000378930325,NO_PEAK,"[]",NO_PEAK,"[]",NO_PEAK,"[]",SINGLE,"[(12, 20)]",DOUBLE,"[(13, 20)(62, 47)]"
1237678617973687387,SINGLE,"[(45, 16)]",NO_PEAK,"[]",NO_PEAK,"[]",NO_PEAK,"[]",DOUBLE,"[(25, 22)(27, 95)]"
1237678617973751819,NO_PEAK,"[]",SINGLE,"[(12, 5)]",SINGLE,"[(11, 5)]",DOUBLE,"[(46, 20)(11, 4)]",DOUBLE,"[(11, 3)(46, 20)]"
1237678617973751838,NO_PEAK,"[]",NO_PEAK,"[]",NO_PEAK,"[]",NO_PEAK,"[]",NO_PEAK,"[]"
1237678617973751949,NO_PEAK,"[]",NO_PEAK,"[]",DOUBLE,"[(39, 24)(92, 51)]",DOUBLE,"[(39, 24)(92, 51)]",NO_PEAK,"[]"
1237678617973751987,NO_PEAK,"[]",NO_PEAK,"[]",NO_PEAK,"[]",DOUBLE,"[(21, 65)(15, 55)]",NO_PEAK,"[]"
1237678617973751989,NO_PEAK,"[]",NO_PEAK,"[]",NO_PEAK,"[]",DOUBLE,"[(39, 24)(33, 14)]",DOUBLE,"[(40, 27)(33, 14)]"
1237678617973752215,SINGLE,"[(32, 33)]",NO_PEAK,"[]",SINGLE,"[(10, 20)]",SINGLE,"[(11, 20)]",NO_PEAK,"[]"
1237678617973752341,NO_PEAK,"[]",NO_PEAK,"[]",SINGLE,"[(50, 50)]",NO_PEAK,"[]",DOUBLE,"[(10, 80)(69, 24)]"
1237680000378995061,NO_PEAK,"[]",NO_PEAK,"[]",NO_PEAK,"[]",SINGLE,"[(49, 50)]",NO_PEAK,"[]"
1237680000378995445,NO_PEAK,"[]",NO_PEAK,"[]",NO_PEAK,"[]",SINGLE,"[(38, 11)]",NO_PEAK,"[]"
1237678617973752862,NO_PEAK,"[]",NO_PEAK,"[]",NO_PEAK,"[]",NO_PEAK,"[]",NO_PEAK,"[]"
1237678617973753148,NO_PEAK,"[]",NO_PEAK,"[]",SINGLE,"[(37, 18)]",SINGLE,"[(37, 18)]",NO_PEAK,"[]"
1237678617973817526,NO_PEAK,"[]",NO_PEAK,"[]",NO_PEAK,"[]",NO_PEAK,"[]",NO_PEAK,"[]"
1237678617973818325,NO_PEAK,"[]",NO_PEAK,"[]",SINGLE,"[(11, 33)]",SINGLE,"[(10, 33)]",DOUBLE,"[(67, 1)(10, 32)]"
1237678617973818486,NO_PEAK,"[]",NO_PEAK,"[]",NO_PEAK,"[]",SINGLE,"[(11, 47)]",NO_PEAK,"[]"
1237678617973818558,NO_PEAK,"[]",NO_PEAK,"[]",NO_PEAK,"[]",NO_PEAK,"[]",NO_PEAK,"[]"
1237678617973818564,NO_PEAK,"[]",NO_PEAK,"[]",NO_PEAK,"[]",NO_PEAK,"[]",DOUBLE,"[(47, 20)(55, 31)]"
1237678617973882919,NO_PEAK,"[]",NO_PEAK,"[]",SINGLE,"[(39, 23)]",SINGLE,"[(40, 24)]",SINGLE,"[(41, 26)]"
1237678617973882920,NO_PEAK,"[]",NO_PEAK,"[]",SINGLE,"[(39, 28)]",SINGLE,"[(41, 27)]",SINGLE,"[(42, 30)]"
1237680000914228088,NO_PEAK,"[]",NO_PEAK,"[]",NO_PEAK,"[]",SINGLE,"[(1, 15)]",DOUBLE,"[(1, 14)(7, 66)]"
1237680000914228114,NO_PEAK,"[]",NO_PEAK,"[]",NO_PEAK,"[]",NO_PEAK,"[]",DOUBLE,"[(39, 26)(66, 87)]"
1237680000914228349,NO_PEAK,"[]",NO_PEAK,"[]",NO_PEAK,"[]",NO_PEAK,"[]",DOUBLE,"[(68, 63)(30, 10)]"
1237680000914228384,SINGLE,"[(26, 26)]",NO_PEAK,"[]",NO_PEAK,"[]",SINGLE,"[(12, 33)]",DOUBLE,"[(1, 41)(51, 30)]"
1237680000914228396,NO_PEAK,"[]",NO_PEAK,"[]",NO_PEAK,"[]",NO_PEAK,"[]",DOUBLE,"[(83, 12)(34, 84)]"
1237680000914228415,NO_PEAK,"[]",NO_PEAK,"[]",NO_PEAK,"[]",NO_PEAK,"[]",DOUBLE,"[(50, 50)(97, 4)]"
1237680000914292771,NO_PEAK,"[]",NO_PEAK,"[]",SINGLE,"[(46, 73)]",NO_PEAK,"[]",NO_PEAK,"[]"
1237680000914293115,NO_PEAK,"[]",NO_PEAK,"[]",SINGLE,"[(23, 21)]",NO_PEAK,"[]",DOUBLE,"[(51, 50)(45, 36)]"
1237680000914293249,NO_PEAK,"[]",NO_PEAK,"[]",NO_PEAK,"[]",SINGLE,"[(25, 30)]",DOUBLE,"[(97, 8)(72, 63)]"
1237680000914293653,NO_PEAK,"[]",NO_PEAK,"[]",SINGLE,"[(51, 50)]",NO_PEAK,"[]",DOUBLE,"[(66, 87)(49, 49)]"
1237680000914293686,NO_PEAK,"[]",NO_PEAK,"[]",NO_PEAK,"[]",NO_PEAK,"[]",DOUBLE,"[(47, 66)(59, 51)]"
1237680000914293751,NO_PEAK,"[]",NO_PEAK,"[]",NO_PEAK,"[]",NO_PEAK,"[]",DOUBLE,"[(79, 78)(54, 57)]"
1237680000914358325,NO_PEAK,"[]",SINGLE,"[(50, 50)]",SINGLE,"[(50, 50)]",SINGLE,"[(50, 49)]",NO_PEAK,"[]"
1237680000914358614,NO_PEAK,"[]",NO_PEAK,"[]",NO_PEAK,"[]",NO_PEAK,"[]",DOUBLE,"[(1, 76)(74, 72)]"
1237680000914358689,NO_PEAK,"[]",NO_PEAK,"[]",NO_PEAK,"[]",SINGLE,"[(44, 26)]",DOUBLE,"[(44, 25)(56, 96)]"
1237680000914358733,NO_PEAK,"[]",NO_PEAK,"[]",NO_PEAK,"[]",NO_PEAK,"[]",DOUBLE,"[(18, 82)(86, 94)]"
1237678617973883949,NO_PEAK,"[]",NO_PEAK,"[]",NO_PEAK,"[]",NO_PEAK,"[]",DOUBLE,"[(6, 1)(31, 21)]"
1237678617973883982,SINGLE,"[(66, 2)]",NO_PEAK,"[]",SINGLE,"[(12, 84)]",NO_PEAK,"[]",DOUBLE,"[(11, 84)(46, 23)]"
1237678617973948462,NO_PEAK,"[]",NO_PEAK,"[]",NO_PEAK,"[]",NO_PEAK,"[]",NO_PEAK,"[]"
1237678617973948544,NO_PEAK,"[]",NO_PEAK,"[]",NO_PEAK,"[]",NO_PEAK,"[]",NO_PEAK,"[]"
1237678617973948746,NO_PEAK,"[]",NO_PEAK,"[]",NO_PEAK,"[]",NO_PEAK,"[]",NO_PEAK,"[]"
1237678617973948752,NO_PEAK,"[]",NO_PEAK,"[]",SINGLE,"[(31, 46)]",SINGLE,"[(30, 46)]",DOUBLE,"[(31, 46)(47, 59)]"
1237678617973948887,NO_PEAK,"[]",NO_PEAK,"[]",NO_PEAK,"[]",NO_PEAK,"[]",NO_PEAK,"[]"
1237680000914358830,SINGLE,"[(15, 23)]",NO_PEAK,"[]",NO_PEAK,"[]",NO_PEAK,"[]",DOUBLE,"[(52, 62)(37, 96)]"
1237680000914358852,NO_PEAK,"[]",NO_PEAK,"[]",SINGLE,"[(50, 50)]",NO_PEAK,"[]",DOUBLE,"[(57, 23)(51, 50)]"
1237678617974014541,SINGLE,"[(49, 10)]",NO_PEAK,"[]",NO_PEAK,"[]",NO_PEAK,"[]",NO_PEAK,"[]"
1237678617974014869,NO_PEAK,"[]",NO_PEAK,"[]",NO_PEAK,"[]",NO_PEAK,"[]",DOUBLE,"[(39, 1)(66, 48)]"
1237678617974015023,NO_PEAK,"[]",NO_PEAK,"[]",NO_PEAK,"[]",NO_PEAK,"[]",NO_PEAK,"[]"
1237680001450967136,NO_PEAK,"[]",NO_PEAK,"[]",NO_PEAK,"[]",NO_PEAK,"[]",NO_PEAK,"[]"
1237680001450967464,NO_PEAK,"[]",NO_PEAK,"[]",SINGLE,"[(41, 43)]",NO_PEAK,"[]",DOUBLE,"[(41, 42)(94, 66)]"
1237680001450967473,NO_PEAK,"[]",NO_PEAK,"[]",SINGLE,"[(3, 56)]",NO_PEAK,"[]",NO_PEAK,"[]"
1237678617974015026,NO_PEAK,"[]",NO_PEAK,"[]",NO_PEAK,"[]",NO_PEAK,"[]",NO_PEAK,"[]"
1237680001450967506,NO_PEAK,"[]",NO_PEAK,"[]",NO_PEAK,"[]",SINGLE,"[(30, 25)]",DOUBLE,"[(85, 10)(14, 70)]"
1237680001450967579,NO_PEAK,"[]",NO_PEAK,"[]",NO_PEAK,"[]",NO_PEAK,"[]",DOUBLE,"[(50, 49)(98, 22)]"
1237680001450967587,NO_PEAK,"[]",NO_PEAK,"[]",SINGLE,"[(17, 21)]",SINGLE,"[(17, 21)]",DOUBLE,"[(17, 21)(45, 50)]"
1237680001450967677,NO_PEAK,"[]",NO_PEAK,"[]",NO_PEAK,"[]",NO_PEAK,"[]",DOUBLE,"[(78, 2)(28, 45)]"
1237680001450967719,NO_PEAK,"[]",NO_PEAK,"[]",SINGLE,"[(50, 50)]",NO_PEAK,"[]",DOUBLE,"[(11, 89)(80, 67)]"
1237680001450967729,NO_PEAK,"[]",NO_PEAK,"[]",NO_PEAK,"[]",NO_PEAK,"[]",NO_PEAK,"[]"
1237678617974080203,NO_PEAK,"[]",NO_PEAK,"[]",NO_PEAK,"[]",SINGLE,"[(23, 24)]",DOUBLE,"[(37, 44)(10, 6)]"
1237678617974080297,SINGLE,"[(90, 54)]",NO_PEAK,"[]",NO_PEAK,"[]",NO_PEAK,"[]",DOUBLE,"[(10, 34)(49, 51)]"
