objid,u-type,u-peaks,g-type,g-peaks,r-type,r-peaks,i-type,i-peaks
1237661463837737170,NO_PEAK,"[]",SINGLE,"[(50, 50)]",SINGLE,"[(50, 50)]",SINGLE,"[(50, 50)]"
1237661463837671644,SINGLE,"[(50, 50)]",SINGLE,"[(50, 50)]",SINGLE,"[(50, 50)]",SINGLE,"[(50, 50)]"
1237661463837671733,NO_PEAK,"[]",SINGLE,"[(50, 50)]",DOUBLE,"[(50, 50)(41, 50)]",NO_PEAK,"[]"
1237662335715180677,NO_PEAK,"[]",SINGLE,"[(50, 50)]",SINGLE,"[(50, 50)]",SINGLE,"[(50, 50)]"
1237661463837671572,SINGLE,"[(54, 49)]",SINGLE,"[(50, 50)]",SINGLE,"[(50, 50)]",SINGLE,"[(50, 50)]"
1237662335715180573,NO_PEAK,"[]",NO_PEAK,"[]",NO_PEAK,"[]",NO_PEAK,"[]"
1237661463837671746,NO_PEAK,"[]",NO_PEAK,"[]",SINGLE,"[(26, 52)]",SINGLE,"[(36, 32)]"
1237662335715115325,SINGLE,"[(51, 49)]",SINGLE,"[(50, 50)]",SINGLE,"[(50, 50)]",SINGLE,"[(49, 51)]"
1237661463301194007,NO_PEAK,"[]",SINGLE,"[(50, 50)]",SINGLE,"[(50, 50)]",SINGLE,"[(50, 50)]"
1237661463301062837,NO_PEAK,"[]",SINGLE,"[(50, 50)]",SINGLE,"[(50, 50)]",SINGLE,"[(50, 50)]"
1237661463301128414,NO_PEAK,"[]",SINGLE,"[(50, 50)]",SINGLE,"[(50, 50)]",SINGLE,"[(50, 50)]"
1237661463301193840,SINGLE,"[(49, 51)]",SINGLE,"[(50, 50)]",SINGLE,"[(50, 50)]",SINGLE,"[(50, 50)]"
1237662335178571923,NO_PEAK,"[]",SINGLE,"[(50, 50)]",NO_PEAK,"[]",NO_PEAK,"[]"
1237662335715377224,SINGLE,"[(50, 50)]",SINGLE,"[(50, 50)]",SINGLE,"[(50, 50)]",NO_PEAK,"[]"
1237662335715311940,SINGLE,"[(50, 50)]",NO_PEAK,"[]",NO_PEAK,"[]",NO_PEAK,"[]"
1237662335715442986,NO_PEAK,"[]",NO_PEAK,"[]",SINGLE,"[(29, 4)]",SINGLE,"[(29, 4)]"
1237661463301193891,SINGLE,"[(49, 50)]",SINGLE,"[(50, 50)]",SINGLE,"[(50, 50)]",SINGLE,"[(50, 50)]"
1237661463301128511,NO_PEAK,"[]",SINGLE,"[(50, 50)]",SINGLE,"[(50, 50)]",NO_PEAK,"[]"
1237661463301128276,SINGLE,"[(50, 50)]",SINGLE,"[(50, 50)]",SINGLE,"[(50, 50)]",SINGLE,"[(50, 50)]"
1237662335715442851,NO_PEAK,"[]",SINGLE,"[(50, 50)]",SINGLE,"[(50, 50)]",NO_PEAK,"[]"
1237661463300800730,NO_PEAK,"[]",SINGLE,"[(50, 50)]",SINGLE,"[(50, 50)]",NO_PEAK,"[]"
1237661463300735268,NO_PEAK,"[]",SINGLE,"[(50, 50)]",SINGLE,"[(22, 7)]",SINGLE,"[(22, 7)]"
1237662335715115409,SINGLE,"[(25, 28)]",NO_PEAK,"[]",SINGLE,"[(50, 50)]",NO_PEAK,"[]"
1237662335715049554,NO_PEAK,"[]",NO_PEAK,"[]",SINGLE,"[(50, 50)]",SINGLE,"[(50, 50)]"
1237662335715049671,SINGLE,"[(50, 50)]",SINGLE,"[(50, 50)]",SINGLE,"[(50, 50)]",SINGLE,"[(50, 50)]"
1237662335715049791,SINGLE,"[(49, 1)]",SINGLE,"[(51, 50)]",SINGLE,"[(20, 18)]",SINGLE,"[(21, 18)]"
1237661463300800696,SINGLE,"[(38, 32)]",SINGLE,"[(38, 32)]",SINGLE,"[(38, 32)]",DOUBLE,"[(50, 50)(38, 32)]"
1237662335715115344,NO_PEAK,"[]",NO_PEAK,"[]",SINGLE,"[(50, 50)]",NO_PEAK,"[]"
1237661463300801332,NO_PEAK,"[]",NO_PEAK,"[]",NO_PEAK,"[]",SINGLE,"[(50, 50)]"
1237661463837671516,NO_PEAK,"[]",SINGLE,"[(50, 50)]",SINGLE,"[(50, 50)]",SINGLE,"[(50, 50)]"
1237662335715049711,SINGLE,"[(21, 7)]",NO_PEAK,"[]",SINGLE,"[(50, 50)]",NO_PEAK,"[]"
1237662335715115249,NO_PEAK,"[]",SINGLE,"[(50, 50)]",SINGLE,"[(50, 50)]",NO_PEAK,"[]"
1237662335714984017,NO_PEAK,"[]",NO_PEAK,"[]",NO_PEAK,"[]",NO_PEAK,"[]"
1237662335715049598,NO_PEAK,"[]",NO_PEAK,"[]",SINGLE,"[(49, 50)]",SINGLE,"[(50, 50)]"
1237662335715115173,NO_PEAK,"[]",SINGLE,"[(50, 50)]",NO_PEAK,"[]",SINGLE,"[(20, 17)]"
1237661463837605966,NO_PEAK,"[]",SINGLE,"[(50, 50)]",SINGLE,"[(50, 49)]",SINGLE,"[(50, 50)]"
1237661463300931986,NO_PEAK,"[]",SINGLE,"[(50, 51)]",SINGLE,"[(15, 35)]",SINGLE,"[(16, 35)]"
1237661463301062668,NO_PEAK,"[]",NO_PEAK,"[]",NO_PEAK,"[]",NO_PEAK,"[]"
1237661463301062751,SINGLE,"[(50, 50)]",SINGLE,"[(50, 50)]",SINGLE,"[(50, 50)]",SINGLE,"[(50, 50)]"
1237662335715311869,NO_PEAK,"[]",SINGLE,"[(50, 50)]",SINGLE,"[(50, 50)]",DOUBLE,"[(50, 50)(37, 58)]"
1237658492803285158,NO_PEAK,"[]",SINGLE,"[(18, 19)]",SINGLE,"[(18, 19)]",SINGLE,"[(17, 20)]"
1237658493340156165,NO_PEAK,"[]",SINGLE,"[(50, 50)]",SINGLE,"[(50, 51)]",NO_PEAK,"[]"
1237660584443314367,NO_PEAK,"[]",SINGLE,"[(50, 50)]",SINGLE,"[(50, 50)]",SINGLE,"[(51, 50)]"
1237658492803350773,NO_PEAK,"[]",SINGLE,"[(50, 50)]",SINGLE,"[(50, 50)]",SINGLE,"[(50, 50)]"
1237658492803350741,NO_PEAK,"[]",SINGLE,"[(50, 50)]",SINGLE,"[(50, 50)]",SINGLE,"[(50, 50)]"
1237658492803350763,NO_PEAK,"[]",SINGLE,"[(50, 50)]",SINGLE,"[(50, 50)]",SINGLE,"[(50, 50)]"
1237658493340156075,DOUBLE,"[(22, 24)(17, 22)]",SINGLE,"[(50, 50)]",SINGLE,"[(17, 21)]",SINGLE,"[(16, 21)]"
1237658493340287094,NO_PEAK,"[]",SINGLE,"[(49, 51)]",SINGLE,"[(49, 51)]",SINGLE,"[(49, 51)]"
1237658492803285148,NO_PEAK,"[]",SINGLE,"[(51, 50)]",SINGLE,"[(50, 50)]",SINGLE,"[(50, 50)]"
1237658492803219654,NO_PEAK,"[]",SINGLE,"[(50, 51)]",SINGLE,"[(50, 50)]",NO_PEAK,"[]"
1237660584980644090,NO_PEAK,"[]",SINGLE,"[(50, 50)]",NO_PEAK,"[]",SINGLE,"[(6, 41)]"
1237660584980644130,SINGLE,"[(15, 29)]",SINGLE,"[(50, 51)]",SINGLE,"[(50, 50)]",SINGLE,"[(50, 50)]"
1237660584980709419,NO_PEAK,"[]",NO_PEAK,"[]",DOUBLE,"[(19, 1)(27, 8)]",DOUBLE,"[(19, 1)(27, 8)]"
1237658493340680294,NO_PEAK,"[]",SINGLE,"[(50, 50)]",SINGLE,"[(50, 50)]",SINGLE,"[(50, 50)]"
1237660584980644086,NO_PEAK,"[]",SINGLE,"[(50, 50)]",NO_PEAK,"[]",NO_PEAK,"[]"
1237658493340614927,NO_PEAK,"[]",SINGLE,"[(1, 4)]",SINGLE,"[(1, 5)]",SINGLE,"[(1, 4)]"
1237660584980644117,NO_PEAK,"[]",NO_PEAK,"[]",SINGLE,"[(50, 50)]",SINGLE,"[(50, 50)]"
1237660584980709488,SINGLE,"[(51, 50)]",SINGLE,"[(50, 50)]",DOUBLE,"[(49, 55)(49, 50)]",DOUBLE,"[(50, 54)(60, 54)]"
1237658493877551221,NO_PEAK,"[]",SINGLE,"[(50, 50)]",SINGLE,"[(50, 50)]",SINGLE,"[(50, 51)]"
1237658493877551635,NO_PEAK,"[]",NO_PEAK,"[]",NO_PEAK,"[]",SINGLE,"[(29, 48)]"
1237658493877551232,NO_PEAK,"[]",NO_PEAK,"[]",SINGLE,"[(15, 22)]",SINGLE,"[(14, 22)]"
1237658493877551184,NO_PEAK,"[]",NO_PEAK,"[]",DOUBLE,"[(50, 50)(22, 48)]",DOUBLE,"[(50, 50)(22, 48)]"
1237658493340549362,NO_PEAK,"[]",SINGLE,"[(50, 50)]",NO_PEAK,"[]",SINGLE,"[(10, 6)]"
1237658493877551242,NO_PEAK,"[]",DOUBLE,"[(51, 50)(45, 47)]",DOUBLE,"[(49, 50)(44, 48)]",NO_PEAK,"[]"
1237658493877485705,NO_PEAK,"[]",SINGLE,"[(50, 50)]",SINGLE,"[(50, 50)]",NO_PEAK,"[]"
1237660584443576515,NO_PEAK,"[]",SINGLE,"[(50, 50)]",NO_PEAK,"[]",NO_PEAK,"[]"
1237660584443511036,NO_PEAK,"[]",SINGLE,"[(50, 50)]",NO_PEAK,"[]",NO_PEAK,"[]"
1237660583906705604,SINGLE,"[(50, 50)]",SINGLE,"[(50, 50)]",NO_PEAK,"[]",SINGLE,"[(6, 31)]"
1237658493340287422,NO_PEAK,"[]",SINGLE,"[(50, 50)]",SINGLE,"[(50, 50)]",SINGLE,"[(50, 50)]"
1237658493340418069,SINGLE,"[(50, 50)]",SINGLE,"[(50, 50)]",SINGLE,"[(50, 50)]",SINGLE,"[(51, 50)]"
1237660584443511010,NO_PEAK,"[]",SINGLE,"[(50, 50)]",DOUBLE,"[(50, 50)(58, 41)]",DOUBLE,"[(50, 50)(58, 41)]"
1237658493340287130,NO_PEAK,"[]",NO_PEAK,"[]",SINGLE,"[(12, 15)]",SINGLE,"[(12, 15)]"
1237660584443576473,NO_PEAK,"[]",SINGLE,"[(49, 50)]",SINGLE,"[(51, 50)]",NO_PEAK,"[]"
1237660584443511291,SINGLE,"[(69, 28)]",SINGLE,"[(50, 50)]",SINGLE,"[(50, 50)]",SINGLE,"[(50, 50)]"
1237658492803416237,NO_PEAK,"[]",SINGLE,"[(76, 56)]",SINGLE,"[(34, 53)]",SINGLE,"[(34, 53)]"
1237658492803481747,NO_PEAK,"[]",SINGLE,"[(50, 49)]",NO_PEAK,"[]",SINGLE,"[(18, 33)]"
1237660584443445306,NO_PEAK,"[]",SINGLE,"[(49, 50)]",SINGLE,"[(50, 50)]",NO_PEAK,"[]"
1237658493340876816,NO_PEAK,"[]",SINGLE,"[(11, 28)]",SINGLE,"[(10, 28)]",SINGLE,"[(10, 28)]"
1237658493877616851,NO_PEAK,"[]",SINGLE,"[(50, 50)]",SINGLE,"[(50, 50)]",SINGLE,"[(50, 50)]"
1237660584980906193,NO_PEAK,"[]",SINGLE,"[(50, 50)]",SINGLE,"[(50, 50)]",NO_PEAK,"[]"
1237658493877616800,NO_PEAK,"[]",SINGLE,"[(50, 50)]",SINGLE,"[(50, 50)]",SINGLE,"[(50, 50)]"
1237658493877616860,NO_PEAK,"[]",SINGLE,"[(50, 50)]",SINGLE,"[(14, 44)]",SINGLE,"[(14, 44)]"
1237658493877747820,NO_PEAK,"[]",SINGLE,"[(50, 50)]",SINGLE,"[(50, 50)]",SINGLE,"[(50, 50)]"
1237661063880114277,NO_PEAK,"[]",SINGLE,"[(50, 50)]",DOUBLE,"[(50, 51)(42, 58)]",DOUBLE,"[(50, 50)(42, 57)]"
1237658493340746024,NO_PEAK,"[]",SINGLE,"[(49, 50)]",SINGLE,"[(50, 50)]",NO_PEAK,"[]"
1237658493340745938,SINGLE,"[(92, 11)]",SINGLE,"[(50, 50)]",SINGLE,"[(15, 19)]",SINGLE,"[(14, 20)]"
1237658493340746073,NO_PEAK,"[]",NO_PEAK,"[]",NO_PEAK,"[]",NO_PEAK,"[]"
1237658492803547372,NO_PEAK,"[]",SINGLE,"[(50, 50)]",SINGLE,"[(50, 50)]",NO_PEAK,"[]"
1237660583906836486,SINGLE,"[(50, 51)]",SINGLE,"[(50, 50)]",SINGLE,"[(50, 50)]",SINGLE,"[(50, 50)]"
1237658492803678354,NO_PEAK,"[]",SINGLE,"[(50, 50)]",SINGLE,"[(48, 50)]",SINGLE,"[(51, 50)]"
1237660583906836619,SINGLE,"[(50, 50)]",SINGLE,"[(50, 50)]",SINGLE,"[(50, 50)]",SINGLE,"[(51, 50)]"
1237658492803547297,NO_PEAK,"[]",SINGLE,"[(39, 50)]",DOUBLE,"[(39, 51)(50, 50)]",DOUBLE,"[(39, 51)(50, 50)]"
1237660584443642007,NO_PEAK,"[]",SINGLE,"[(29, 53)]",SINGLE,"[(30, 53)]",SINGLE,"[(29, 53)]"
1237658492803613305,NO_PEAK,"[]",NO_PEAK,"[]",NO_PEAK,"[]",NO_PEAK,"[]"
1237660584443576551,SINGLE,"[(19, 80)]",NO_PEAK,"[]",SINGLE,"[(50, 50)]",SINGLE,"[(50, 50)]"
1237660584443773085,NO_PEAK,"[]",SINGLE,"[(50, 50)]",NO_PEAK,"[]",NO_PEAK,"[]"
1237660584443576563,NO_PEAK,"[]",SINGLE,"[(50, 50)]",SINGLE,"[(50, 50)]",SINGLE,"[(50, 50)]"
1237660584443641973,NO_PEAK,"[]",NO_PEAK,"[]",NO_PEAK,"[]",SINGLE,"[(8, 11)]"
1237658492803678406,NO_PEAK,"[]",NO_PEAK,"[]",SINGLE,"[(40, 38)]",SINGLE,"[(40, 38)]"
1237658492803547246,NO_PEAK,"[]",SINGLE,"[(50, 50)]",NO_PEAK,"[]",NO_PEAK,"[]"
1237658493340483774,NO_PEAK,"[]",SINGLE,"[(50, 50)]",SINGLE,"[(50, 50)]",SINGLE,"[(50, 50)]"
1237658492803678351,NO_PEAK,"[]",SINGLE,"[(15, 21)]",SINGLE,"[(15, 21)]",SINGLE,"[(15, 21)]"
1237658492803809495,SINGLE,"[(82, 99)]",SINGLE,"[(50, 50)]",SINGLE,"[(50, 50)]",SINGLE,"[(50, 50)]"
1237658492803743911,SINGLE,"[(1, 7)]",SINGLE,"[(1, 8)]",NO_PEAK,"[]",NO_PEAK,"[]"
1237658492803743892,NO_PEAK,"[]",DOUBLE,"[(49, 50)(51, 33)]",DOUBLE,"[(50, 50)(52, 33)]",DOUBLE,"[(50, 50)(52, 33)]"
1237658492803743830,NO_PEAK,"[]",SINGLE,"[(50, 50)]",NO_PEAK,"[]",NO_PEAK,"[]"
1237660584443904186,NO_PEAK,"[]",SINGLE,"[(50, 50)]",SINGLE,"[(50, 50)]",SINGLE,"[(50, 50)]"
1237660584443838631,NO_PEAK,"[]",SINGLE,"[(50, 50)]",SINGLE,"[(50, 50)]",NO_PEAK,"[]"
1237658492803743918,SINGLE,"[(51, 50)]",SINGLE,"[(50, 51)]",SINGLE,"[(13, 33)]",SINGLE,"[(12, 33)]"
1237660583906967723,NO_PEAK,"[]",SINGLE,"[(50, 13)]",SINGLE,"[(48, 12)]",SINGLE,"[(49, 13)]"
1237660584443838473,NO_PEAK,"[]",SINGLE,"[(50, 49)]",SINGLE,"[(50, 50)]",SINGLE,"[(50, 50)]"
1237660584443904191,SINGLE,"[(50, 50)]",SINGLE,"[(50, 50)]",NO_PEAK,"[]",NO_PEAK,"[]"
1237660584443838599,SINGLE,"[(51, 50)]",SINGLE,"[(50, 50)]",SINGLE,"[(50, 50)]",SINGLE,"[(50, 49)]"
1237658492803809511,NO_PEAK,"[]",SINGLE,"[(50, 49)]",SINGLE,"[(50, 50)]",SINGLE,"[(50, 50)]"
1237660584443839150,NO_PEAK,"[]",NO_PEAK,"[]",NO_PEAK,"[]",SINGLE,"[(22, 46)]"
1237660584443838543,SINGLE,"[(50, 50)]",SINGLE,"[(50, 50)]",NO_PEAK,"[]",SINGLE,"[(53, 22)]"
1237660584443969692,NO_PEAK,"[]",SINGLE,"[(50, 50)]",NO_PEAK,"[]",SINGLE,"[(30, 1)]"
1237658493340745785,NO_PEAK,"[]",NO_PEAK,"[]",SINGLE,"[(47, 57)]",NO_PEAK,"[]"
1237660584444035105,NO_PEAK,"[]",SINGLE,"[(23, 1)]",SINGLE,"[(24, 1)]",SINGLE,"[(24, 1)]"
1237660584443969663,SINGLE,"[(50, 51)]",SINGLE,"[(50, 50)]",SINGLE,"[(50, 50)]",SINGLE,"[(50, 50)]"
1237658493340811375,NO_PEAK,"[]",NO_PEAK,"[]",SINGLE,"[(53, 19)]",SINGLE,"[(53, 20)]"
1237658493340876939,NO_PEAK,"[]",SINGLE,"[(50, 50)]",SINGLE,"[(50, 50)]",SINGLE,"[(50, 50)]"
1237660584444035265,SINGLE,"[(50, 50)]",SINGLE,"[(50, 50)]",SINGLE,"[(50, 50)]",SINGLE,"[(50, 51)]"
1237658492803940596,SINGLE,"[(26, 2)]",SINGLE,"[(26, 1)]",NO_PEAK,"[]",NO_PEAK,"[]"
1237660583907098820,NO_PEAK,"[]",SINGLE,"[(5, 23)]",SINGLE,"[(5, 23)]",SINGLE,"[(4, 23)]"
1237660584443969619,SINGLE,"[(47, 50)]",NO_PEAK,"[]",NO_PEAK,"[]",SINGLE,"[(47, 50)]"
1237658492803874987,NO_PEAK,"[]",SINGLE,"[(50, 50)]",SINGLE,"[(50, 49)]",SINGLE,"[(50, 50)]"
1237658492803940573,NO_PEAK,"[]",SINGLE,"[(50, 50)]",SINGLE,"[(50, 50)]",SINGLE,"[(50, 50)]"
1237658492803874851,NO_PEAK,"[]",NO_PEAK,"[]",SINGLE,"[(50, 50)]",DOUBLE,"[(65, 86)(65, 92)]"
1237660583907164318,NO_PEAK,"[]",SINGLE,"[(49, 50)]",DOUBLE,"[(50, 50)(45, 40)]",NO_PEAK,"[]"
1237658493340942615,NO_PEAK,"[]",NO_PEAK,"[]",SINGLE,"[(50, 50)]",SINGLE,"[(50, 50)]"
1237658493340876956,NO_PEAK,"[]",SINGLE,"[(16, 50)]",SINGLE,"[(16, 50)]",SINGLE,"[(16, 50)]"
1237658493340942539,SINGLE,"[(50, 50)]",SINGLE,"[(50, 50)]",SINGLE,"[(50, 50)]",NO_PEAK,"[]"
1237658493340942514,SINGLE,"[(27, 5)]",SINGLE,"[(27, 5)]",SINGLE,"[(27, 4)]",SINGLE,"[(27, 5)]"
1237658493877747930,NO_PEAK,"[]",NO_PEAK,"[]",DOUBLE,"[(50, 49)(45, 37)]",DOUBLE,"[(50, 49)(46, 37)]"
1237658493340877046,SINGLE,"[(40, 38)]",SINGLE,"[(51, 50)]",SINGLE,"[(11, 2)]",SINGLE,"[(12, 2)]"
1237660584981037558,NO_PEAK,"[]",NO_PEAK,"[]",SINGLE,"[(50, 50)]",NO_PEAK,"[]"
1237660584981037216,NO_PEAK,"[]",SINGLE,"[(49, 50)]",NO_PEAK,"[]",SINGLE,"[(45, 10)]"
1237658493877813417,NO_PEAK,"[]",SINGLE,"[(50, 49)]",SINGLE,"[(50, 50)]",SINGLE,"[(50, 50)]"
1237658493877813411,NO_PEAK,"[]",SINGLE,"[(50, 50)]",SINGLE,"[(50, 50)]",SINGLE,"[(50, 50)]"
1237658493877747842,NO_PEAK,"[]",SINGLE,"[(51, 50)]",SINGLE,"[(50, 50)]",NO_PEAK,"[]"
1237658493340942637,SINGLE,"[(89, 3)]",NO_PEAK,"[]",SINGLE,"[(50, 50)]",NO_PEAK,"[]"
1237658493877747872,NO_PEAK,"[]",SINGLE,"[(50, 49)]",SINGLE,"[(50, 50)]",NO_PEAK,"[]"
1237658493877747878,SINGLE,"[(50, 49)]",SINGLE,"[(50, 50)]",SINGLE,"[(50, 50)]",SINGLE,"[(50, 50)]"
1237658493877747905,NO_PEAK,"[]",SINGLE,"[(50, 50)]",NO_PEAK,"[]",SINGLE,"[(44, 31)]"
1237660584444166281,NO_PEAK,"[]",SINGLE,"[(50, 50)]",SINGLE,"[(50, 50)]",NO_PEAK,"[]"
1237660584444166312,NO_PEAK,"[]",NO_PEAK,"[]",SINGLE,"[(50, 50)]",SINGLE,"[(50, 50)]"
1237658492804071567,NO_PEAK,"[]",SINGLE,"[(50, 50)]",SINGLE,"[(50, 50)]",SINGLE,"[(50, 50)]"
1237658492804137117,NO_PEAK,"[]",SINGLE,"[(50, 49)]",SINGLE,"[(50, 50)]",SINGLE,"[(50, 50)]"
1237660584444100765,NO_PEAK,"[]",SINGLE,"[(50, 50)]",SINGLE,"[(50, 50)]",SINGLE,"[(50, 50)]"
1237658492804071536,SINGLE,"[(50, 50)]",SINGLE,"[(50, 50)]",SINGLE,"[(50, 50)]",NO_PEAK,"[]"
1237660584444231821,NO_PEAK,"[]",SINGLE,"[(50, 50)]",SINGLE,"[(50, 50)]",SINGLE,"[(50, 50)]"
1237658492804005986,NO_PEAK,"[]",SINGLE,"[(50, 50)]",SINGLE,"[(50, 50)]",SINGLE,"[(50, 50)]"
1237658492804333687,NO_PEAK,"[]",SINGLE,"[(50, 50)]",SINGLE,"[(50, 50)]",SINGLE,"[(50, 50)]"
1237660583907295302,NO_PEAK,"[]",SINGLE,"[(50, 50)]",SINGLE,"[(24, 38)]",SINGLE,"[(24, 37)]"
1237660583907295403,NO_PEAK,"[]",NO_PEAK,"[]",SINGLE,"[(50, 50)]",SINGLE,"[(50, 50)]"
1237660583907229882,NO_PEAK,"[]",SINGLE,"[(50, 50)]",NO_PEAK,"[]",NO_PEAK,"[]"
1237660584444035287,SINGLE,"[(50, 50)]",SINGLE,"[(50, 50)]",SINGLE,"[(50, 50)]",NO_PEAK,"[]"
1237660583907229860,NO_PEAK,"[]",SINGLE,"[(50, 50)]",SINGLE,"[(50, 50)]",NO_PEAK,"[]"
1237660583907229831,NO_PEAK,"[]",SINGLE,"[(50, 50)]",NO_PEAK,"[]",NO_PEAK,"[]"
1237660583907164335,NO_PEAK,"[]",SINGLE,"[(50, 50)]",SINGLE,"[(50, 50)]",NO_PEAK,"[]"
1237660584981037233,SINGLE,"[(48, 51)]",SINGLE,"[(50, 49)]",SINGLE,"[(50, 50)]",SINGLE,"[(50, 50)]"
1237660585517908209,NO_PEAK,"[]",SINGLE,"[(15, 25)]",SINGLE,"[(14, 26)]",SINGLE,"[(14, 26)]"
1237658493877879003,NO_PEAK,"[]",SINGLE,"[(50, 50)]",DOUBLE,"[(50, 49)(59, 37)]",DOUBLE,"[(50, 50)(60, 37)]"
1237660584981102762,NO_PEAK,"[]",SINGLE,"[(50, 50)]",SINGLE,"[(50, 50)]",NO_PEAK,"[]"
1237658493877878889,NO_PEAK,"[]",SINGLE,"[(50, 50)]",SINGLE,"[(50, 50)]",DOUBLE,"[(44, 71)(50, 51)]"
1237658493877879032,NO_PEAK,"[]",SINGLE,"[(50, 50)]",SINGLE,"[(50, 50)]",NO_PEAK,"[]"
1237660584981102719,SINGLE,"[(49, 50)]",SINGLE,"[(50, 50)]",SINGLE,"[(50, 50)]",SINGLE,"[(50, 50)]"
1237658493341007962,NO_PEAK,"[]",SINGLE,"[(50, 50)]",SINGLE,"[(50, 50)]",NO_PEAK,"[]"
1237658493877878905,NO_PEAK,"[]",SINGLE,"[(50, 49)]",SINGLE,"[(50, 50)]",SINGLE,"[(50, 50)]"
1237658493877878957,NO_PEAK,"[]",SINGLE,"[(50, 49)]",SINGLE,"[(51, 50)]",SINGLE,"[(50, 50)]"
1237660584981037265,NO_PEAK,"[]",SINGLE,"[(50, 51)]",NO_PEAK,"[]",NO_PEAK,"[]"
1237658493341007993,NO_PEAK,"[]",SINGLE,"[(49, 50)]",SINGLE,"[(49, 50)]",SINGLE,"[(51, 50)]"
1237658493877878930,NO_PEAK,"[]",SINGLE,"[(50, 50)]",NO_PEAK,"[]",NO_PEAK,"[]"
1237658493877944410,NO_PEAK,"[]",SINGLE,"[(11, 38)]",NO_PEAK,"[]",SINGLE,"[(11, 38)]"
1237658493877878911,SINGLE,"[(50, 50)]",SINGLE,"[(50, 50)]",SINGLE,"[(50, 50)]",SINGLE,"[(50, 50)]"
1237658493341007987,NO_PEAK,"[]",SINGLE,"[(50, 50)]",SINGLE,"[(50, 51)]",NO_PEAK,"[]"
1237660584981102698,NO_PEAK,"[]",SINGLE,"[(50, 50)]",SINGLE,"[(50, 50)]",NO_PEAK,"[]"
1237660584981037158,SINGLE,"[(51, 50)]",SINGLE,"[(50, 50)]",SINGLE,"[(50, 50)]",NO_PEAK,"[]"
1237658492804137164,NO_PEAK,"[]",SINGLE,"[(50, 50)]",SINGLE,"[(50, 50)]",SINGLE,"[(50, 50)]"
1237660584444297386,SINGLE,"[(50, 50)]",SINGLE,"[(50, 50)]",SINGLE,"[(50, 50)]",SINGLE,"[(50, 50)]"
1237660584444232270,SINGLE,"[(78, 33)]",NO_PEAK,"[]",SINGLE,"[(39, 34)]",SINGLE,"[(39, 34)]"
1237658492804137155,NO_PEAK,"[]",SINGLE,"[(50, 50)]",SINGLE,"[(50, 50)]",SINGLE,"[(50, 50)]"
1237660584444231883,NO_PEAK,"[]",SINGLE,"[(49, 50)]",SINGLE,"[(50, 50)]",NO_PEAK,"[]"
1237658492804202670,NO_PEAK,"[]",SINGLE,"[(50, 50)]",SINGLE,"[(50, 50)]",NO_PEAK,"[]"
1237660584444231946,SINGLE,"[(18, 27)]",NO_PEAK,"[]",SINGLE,"[(50, 50)]",NO_PEAK,"[]"
1237660584444297226,SINGLE,"[(50, 50)]",SINGLE,"[(50, 50)]",SINGLE,"[(50, 50)]",NO_PEAK,"[]"
1237658492804137050,SINGLE,"[(10, 56)]",SINGLE,"[(51, 50)]",SINGLE,"[(50, 50)]",SINGLE,"[(12, 26)]"
1237660583907360886,SINGLE,"[(33, 81)]",NO_PEAK,"[]",SINGLE,"[(50, 51)]",SINGLE,"[(50, 50)]"
1237660583907426425,NO_PEAK,"[]",SINGLE,"[(29, 11)]",SINGLE,"[(30, 11)]",SINGLE,"[(30, 10)]"
1237660583907361287,NO_PEAK,"[]",NO_PEAK,"[]",SINGLE,"[(50, 50)]",SINGLE,"[(50, 50)]"
1237660583907360946,SINGLE,"[(48, 50)]",SINGLE,"[(50, 50)]",SINGLE,"[(50, 50)]",SINGLE,"[(50, 50)]"
1237660583907360937,SINGLE,"[(49, 51)]",SINGLE,"[(50, 50)]",SINGLE,"[(50, 50)]",NO_PEAK,"[]"
1237658492804202650,NO_PEAK,"[]",NO_PEAK,"[]",NO_PEAK,"[]",SINGLE,"[(35, 8)]"
1237660583907360958,NO_PEAK,"[]",DOUBLE,"[(50, 50)(43, 38)]",DOUBLE,"[(50, 50)(43, 38)]",NO_PEAK,"[]"
1237660583907426384,NO_PEAK,"[]",SINGLE,"[(50, 50)]",SINGLE,"[(50, 50)]",SINGLE,"[(50, 50)]"
1237660584981168163,SINGLE,"[(50, 50)]",SINGLE,"[(50, 50)]",NO_PEAK,"[]",NO_PEAK,"[]"
1237658493341139093,NO_PEAK,"[]",SINGLE,"[(50, 50)]",SINGLE,"[(50, 50)]",SINGLE,"[(50, 50)]"
1237660584981168300,NO_PEAK,"[]",SINGLE,"[(36, 14)]",SINGLE,"[(36, 15)]",SINGLE,"[(36, 16)]"
1237660584981168143,SINGLE,"[(50, 50)]",SINGLE,"[(50, 50)]",SINGLE,"[(49, 50)]",SINGLE,"[(50, 50)]"
1237660584981234049,NO_PEAK,"[]",SINGLE,"[(49, 50)]",SINGLE,"[(50, 50)]",NO_PEAK,"[]"
1237658493341139077,NO_PEAK,"[]",DOUBLE,"[(50, 50)(40, 60)]",DOUBLE,"[(50, 50)(40, 60)]",SINGLE,"[(49, 50)]"
1237658493341139081,NO_PEAK,"[]",SINGLE,"[(50, 50)]",SINGLE,"[(50, 50)]",SINGLE,"[(50, 50)]"
1237658493341139056,NO_PEAK,"[]",SINGLE,"[(50, 50)]",SINGLE,"[(50, 50)]",SINGLE,"[(51, 50)]"
1237660584981168264,NO_PEAK,"[]",SINGLE,"[(50, 50)]",SINGLE,"[(50, 50)]",SINGLE,"[(49, 50)]"
1237658493341139118,NO_PEAK,"[]",DOUBLE,"[(50, 49)(42, 52)]",SINGLE,"[(50, 49)]",SINGLE,"[(50, 50)]"
1237660584444362859,SINGLE,"[(50, 51)]",DOUBLE,"[(50, 50)(50, 41)]",NO_PEAK,"[]",NO_PEAK,"[]"
1237658493341139043,NO_PEAK,"[]",SINGLE,"[(50, 50)]",SINGLE,"[(50, 50)]",SINGLE,"[(50, 50)]"
1237660584981102636,SINGLE,"[(50, 50)]",SINGLE,"[(50, 50)]",SINGLE,"[(50, 50)]",SINGLE,"[(50, 50)]"
1237658493341139071,NO_PEAK,"[]",SINGLE,"[(50, 50)]",SINGLE,"[(50, 50)]",NO_PEAK,"[]"
1237658493341073551,NO_PEAK,"[]",SINGLE,"[(50, 50)]",SINGLE,"[(50, 50)]",DOUBLE,"[(50, 50)(42, 61)]"
1237660584444362867,NO_PEAK,"[]",SINGLE,"[(50, 50)]",DOUBLE,"[(50, 50)(35, 54)]",SINGLE,"[(50, 50)]"
1237658492804268261,NO_PEAK,"[]",SINGLE,"[(50, 50)]",SINGLE,"[(50, 50)]",SINGLE,"[(50, 50)]"
1237660584444363438,NO_PEAK,"[]",NO_PEAK,"[]",SINGLE,"[(50, 50)]",NO_PEAK,"[]"
1237660584444297401,NO_PEAK,"[]",SINGLE,"[(50, 50)]",SINGLE,"[(50, 49)]",NO_PEAK,"[]"
1237660584444428354,NO_PEAK,"[]",SINGLE,"[(50, 50)]",SINGLE,"[(50, 50)]",SINGLE,"[(50, 50)]"
1237660584444297410,NO_PEAK,"[]",SINGLE,"[(50, 50)]",SINGLE,"[(50, 49)]",SINGLE,"[(50, 50)]"
1237660583907426339,SINGLE,"[(50, 50)]",SINGLE,"[(50, 50)]",SINGLE,"[(50, 50)]",SINGLE,"[(50, 50)]"
1237660583907492610,NO_PEAK,"[]",NO_PEAK,"[]",SINGLE,"[(50, 50)]",NO_PEAK,"[]"
1237660583907491927,SINGLE,"[(51, 51)]",SINGLE,"[(50, 50)]",SINGLE,"[(50, 50)]",SINGLE,"[(50, 50)]"
1237660583907491873,NO_PEAK,"[]",NO_PEAK,"[]",NO_PEAK,"[]",SINGLE,"[(50, 50)]"
1237660583907492034,NO_PEAK,"[]",SINGLE,"[(50, 49)]",SINGLE,"[(50, 50)]",SINGLE,"[(50, 50)]"
1237660583907426478,SINGLE,"[(50, 50)]",SINGLE,"[(49, 49)]",SINGLE,"[(50, 50)]",SINGLE,"[(50, 50)]"
1237660583907426476,SINGLE,"[(50, 50)]",SINGLE,"[(50, 50)]",SINGLE,"[(50, 50)]",SINGLE,"[(50, 50)]"
1237660583907557488,SINGLE,"[(28, 35)]",SINGLE,"[(50, 50)]",SINGLE,"[(51, 50)]",SINGLE,"[(50, 50)]"
1237661388677054528,SINGLE,"[(49, 39)]",SINGLE,"[(49, 39)]",NO_PEAK,"[]",NO_PEAK,"[]"
1237661418211180768,NO_PEAK,"[]",SINGLE,"[(50, 50)]",SINGLE,"[(50, 50)]",SINGLE,"[(50, 50)]"
1237661418748051539,NO_PEAK,"[]",SINGLE,"[(50, 50)]",DOUBLE,"[(50, 50)(54, 37)]",DOUBLE,"[(50, 50)(54, 36)]"
1237661388676989126,NO_PEAK,"[]",SINGLE,"[(50, 50)]",SINGLE,"[(50, 50)]",SINGLE,"[(50, 50)]"
1237661388140314897,NO_PEAK,"[]",SINGLE,"[(50, 50)]",DOUBLE,"[(50, 50)(49, 61)]",DOUBLE,"[(50, 50)(48, 62)]"
1237661418211377235,NO_PEAK,"[]",SINGLE,"[(50, 50)]",SINGLE,"[(50, 51)]",NO_PEAK,"[]"
1237661387603640884,SINGLE,"[(99, 53)]",NO_PEAK,"[]",SINGLE,"[(50, 50)]",NO_PEAK,"[]"
1237661418211377297,NO_PEAK,"[]",SINGLE,"[(50, 50)]",SINGLE,"[(50, 50)]",SINGLE,"[(50, 50)]"
1237661418211377254,NO_PEAK,"[]",SINGLE,"[(50, 50)]",SINGLE,"[(50, 50)]",SINGLE,"[(50, 50)]"
1237661387603640728,NO_PEAK,"[]",NO_PEAK,"[]",SINGLE,"[(50, 50)]",NO_PEAK,"[]"
1237661418211377165,SINGLE,"[(49, 50)]",SINGLE,"[(50, 50)]",SINGLE,"[(50, 50)]",SINGLE,"[(50, 50)]"
1237661418211377290,NO_PEAK,"[]",SINGLE,"[(50, 50)]",SINGLE,"[(50, 50)]",SINGLE,"[(50, 50)]"
1237661418211377261,NO_PEAK,"[]",SINGLE,"[(49, 50)]",SINGLE,"[(50, 50)]",SINGLE,"[(50, 50)]"
1237661387603640462,NO_PEAK,"[]",SINGLE,"[(50, 50)]",SINGLE,"[(50, 50)]",SINGLE,"[(50, 50)]"
1237661388140445848,NO_PEAK,"[]",SINGLE,"[(50, 51)]",SINGLE,"[(50, 50)]",SINGLE,"[(50, 50)]"
1237661387603575423,NO_PEAK,"[]",NO_PEAK,"[]",SINGLE,"[(50, 50)]",SINGLE,"[(50, 50)]"
1237661417674637366,NO_PEAK,"[]",SINGLE,"[(50, 50)]",SINGLE,"[(50, 50)]",SINGLE,"[(50, 50)]"
1237661417674571956,NO_PEAK,"[]",SINGLE,"[(50, 50)]",NO_PEAK,"[]",NO_PEAK,"[]"
1237661388140511344,NO_PEAK,"[]",SINGLE,"[(50, 50)]",SINGLE,"[(50, 50)]",SINGLE,"[(22, 50)]"
1237661387603706086,NO_PEAK,"[]",NO_PEAK,"[]",DOUBLE,"[(50, 50)(43, 44)]",DOUBLE,"[(50, 50)(43, 45)]"
1237661417674703463,NO_PEAK,"[]",NO_PEAK,"[]",NO_PEAK,"[]",SINGLE,"[(39, 14)]"
1237661387603706003,NO_PEAK,"[]",SINGLE,"[(49, 50)]",SINGLE,"[(50, 50)]",NO_PEAK,"[]"
1237661388140511326,SINGLE,"[(50, 50)]",SINGLE,"[(50, 50)]",SINGLE,"[(50, 50)]",SINGLE,"[(50, 50)]"
1237661418211442810,NO_PEAK,"[]",SINGLE,"[(50, 50)]",SINGLE,"[(50, 50)]",NO_PEAK,"[]"
1237661388140511423,SINGLE,"[(50, 50)]",SINGLE,"[(50, 50)]",NO_PEAK,"[]",SINGLE,"[(26, 37)]"
1237661388140511401,NO_PEAK,"[]",SINGLE,"[(51, 50)]",SINGLE,"[(50, 50)]",NO_PEAK,"[]"
1237661418211508344,NO_PEAK,"[]",SINGLE,"[(50, 50)]",SINGLE,"[(50, 50)]",DOUBLE,"[(50, 50)(49, 60)]"
1237661388140576935,NO_PEAK,"[]",SINGLE,"[(50, 50)]",NO_PEAK,"[]",SINGLE,"[(16, 30)]"
1237661418211442864,NO_PEAK,"[]",SINGLE,"[(50, 50)]",SINGLE,"[(50, 50)]",SINGLE,"[(50, 50)]"
1237661388140511384,NO_PEAK,"[]",SINGLE,"[(50, 50)]",NO_PEAK,"[]",SINGLE,"[(16, 22)]"
1237661418211508350,NO_PEAK,"[]",SINGLE,"[(49, 50)]",SINGLE,"[(50, 50)]",SINGLE,"[(49, 50)]"
1237661418211508326,SINGLE,"[(50, 50)]",SINGLE,"[(50, 50)]",SINGLE,"[(50, 50)]",SINGLE,"[(50, 50)]"
1237661387603706017,NO_PEAK,"[]",SINGLE,"[(50, 51)]",SINGLE,"[(50, 50)]",NO_PEAK,"[]"
1237661387603705975,SINGLE,"[(2, 45)]",NO_PEAK,"[]",SINGLE,"[(18, 43)]",SINGLE,"[(18, 43)]"
1237661388140642471,NO_PEAK,"[]",SINGLE,"[(51, 50)]",SINGLE,"[(50, 50)]",SINGLE,"[(50, 50)]"
1237661387603771631,NO_PEAK,"[]",NO_PEAK,"[]",NO_PEAK,"[]",NO_PEAK,"[]"
1237661418211508396,NO_PEAK,"[]",SINGLE,"[(50, 50)]",SINGLE,"[(50, 50)]",NO_PEAK,"[]"
1237661418211573960,NO_PEAK,"[]",SINGLE,"[(50, 50)]",DOUBLE,"[(50, 50)(59, 57)]",DOUBLE,"[(50, 50)(59, 57)]"
1237661388140577028,NO_PEAK,"[]",SINGLE,"[(50, 50)]",SINGLE,"[(50, 50)]",NO_PEAK,"[]"
1237661387603771593,NO_PEAK,"[]",SINGLE,"[(50, 50)]",NO_PEAK,"[]",NO_PEAK,"[]"
1237661388140642403,NO_PEAK,"[]",SINGLE,"[(50, 50)]",SINGLE,"[(50, 49)]",SINGLE,"[(50, 50)]"
1237661388140577015,SINGLE,"[(51, 50)]",SINGLE,"[(50, 50)]",SINGLE,"[(50, 50)]",SINGLE,"[(50, 50)]"
1237661418211508275,NO_PEAK,"[]",SINGLE,"[(50, 51)]",SINGLE,"[(50, 50)]",SINGLE,"[(50, 50)]"
1237661418211573923,NO_PEAK,"[]",SINGLE,"[(50, 50)]",SINGLE,"[(50, 51)]",SINGLE,"[(50, 50)]"
1237661417674768503,NO_PEAK,"[]",NO_PEAK,"[]",SINGLE,"[(50, 50)]",SINGLE,"[(50, 50)]"
1237661387603771490,SINGLE,"[(49, 51)]",NO_PEAK,"[]",SINGLE,"[(10, 6)]",SINGLE,"[(11, 6)]"
1237661417674703604,DOUBLE,"[(16, 28)(12, 31)]",SINGLE,"[(50, 50)]",SINGLE,"[(50, 50)]",SINGLE,"[(50, 50)]"
1237661417674703045,NO_PEAK,"[]",SINGLE,"[(50, 50)]",SINGLE,"[(50, 50)]",SINGLE,"[(50, 50)]"
1237661388677251308,NO_PEAK,"[]",SINGLE,"[(50, 50)]",SINGLE,"[(50, 50)]",NO_PEAK,"[]"
1237661388140445800,NO_PEAK,"[]",DOUBLE,"[(50, 50)(61, 50)]",DOUBLE,"[(50, 50)(60, 51)]",NO_PEAK,"[]"
1237661418748248209,NO_PEAK,"[]",NO_PEAK,"[]",NO_PEAK,"[]",SINGLE,"[(7, 25)]"
1237661418748182704,NO_PEAK,"[]",SINGLE,"[(50, 50)]",SINGLE,"[(50, 51)]",SINGLE,"[(50, 50)]"
1237661388677251182,NO_PEAK,"[]",NO_PEAK,"[]",SINGLE,"[(19, 46)]",SINGLE,"[(19, 45)]"
1237661388140380280,SINGLE,"[(51, 50)]",SINGLE,"[(50, 50)]",NO_PEAK,"[]",NO_PEAK,"[]"
1237661388677185645,NO_PEAK,"[]",SINGLE,"[(50, 50)]",NO_PEAK,"[]",SINGLE,"[(1, 11)]"
1237659144020885616,NO_PEAK,"[]",NO_PEAK,"[]",SINGLE,"[(13, 52)]",NO_PEAK,"[]"
1237661388140314796,NO_PEAK,"[]",SINGLE,"[(50, 50)]",SINGLE,"[(50, 50)]",SINGLE,"[(50, 50)]"
1237661388140380268,SINGLE,"[(50, 50)]",SINGLE,"[(50, 50)]",SINGLE,"[(50, 49)]",SINGLE,"[(50, 50)]"
1237661418748248169,SINGLE,"[(49, 50)]",SINGLE,"[(50, 49)]",SINGLE,"[(50, 49)]",SINGLE,"[(49, 49)]"
1237661418748117200,NO_PEAK,"[]",NO_PEAK,"[]",NO_PEAK,"[]",SINGLE,"[(44, 25)]"
1237661388140380371,SINGLE,"[(2, 23)]",NO_PEAK,"[]",SINGLE,"[(24, 51)]",SINGLE,"[(23, 51)]"
1237661388140380319,NO_PEAK,"[]",SINGLE,"[(50, 50)]",SINGLE,"[(50, 50)]",SINGLE,"[(50, 50)]"
1237661388140642517,NO_PEAK,"[]",NO_PEAK,"[]",NO_PEAK,"[]",NO_PEAK,"[]"
1237661388140707970,NO_PEAK,"[]",SINGLE,"[(50, 49)]",SINGLE,"[(50, 50)]",SINGLE,"[(50, 50)]"
1237661418748510475,NO_PEAK,"[]",SINGLE,"[(50, 50)]",SINGLE,"[(50, 50)]",SINGLE,"[(50, 50)]"
1237661418211705133,NO_PEAK,"[]",SINGLE,"[(51, 48)]",SINGLE,"[(50, 50)]",SINGLE,"[(50, 50)]"
1237661388140642839,SINGLE,"[(75, 99)]",NO_PEAK,"[]",NO_PEAK,"[]",SINGLE,"[(4, 6)]"
1237661387603837029,SINGLE,"[(24, 43)]",DOUBLE,"[(25, 43)(50, 50)]",DOUBLE,"[(24, 43)(50, 50)]",DOUBLE,"[(25, 43)(50, 50)]"
1237661387603837100,NO_PEAK,"[]",SINGLE,"[(50, 50)]",SINGLE,"[(50, 50)]",NO_PEAK,"[]"
1237661387603837164,NO_PEAK,"[]",NO_PEAK,"[]",SINGLE,"[(34, 14)]",SINGLE,"[(34, 14)]"
1237661388140708099,NO_PEAK,"[]",NO_PEAK,"[]",SINGLE,"[(17, 17)]",SINGLE,"[(17, 16)]"
1237661418211639571,NO_PEAK,"[]",DOUBLE,"[(50, 50)(43, 31)]",DOUBLE,"[(50, 49)(43, 31)]",SINGLE,"[(50, 50)]"
1237661388140708087,NO_PEAK,"[]",NO_PEAK,"[]",NO_PEAK,"[]",SINGLE,"[(21, 25)]"
1237661418211705109,SINGLE,"[(50, 50)]",SINGLE,"[(49, 50)]",SINGLE,"[(50, 50)]",SINGLE,"[(50, 50)]"
1237661388140707965,NO_PEAK,"[]",SINGLE,"[(50, 50)]",SINGLE,"[(50, 50)]",SINGLE,"[(50, 50)]"
1237661418748379173,SINGLE,"[(50, 50)]",SINGLE,"[(50, 50)]",SINGLE,"[(50, 49)]",NO_PEAK,"[]"
1237661388677251233,NO_PEAK,"[]",SINGLE,"[(50, 50)]",SINGLE,"[(50, 50)]",SINGLE,"[(50, 50)]"
1237661418748314082,NO_PEAK,"[]",NO_PEAK,"[]",SINGLE,"[(50, 50)]",SINGLE,"[(50, 50)]"
1237659144021016686,SINGLE,"[(51, 50)]",SINGLE,"[(50, 50)]",SINGLE,"[(50, 50)]",SINGLE,"[(50, 50)]"
1237661388677382322,NO_PEAK,"[]",SINGLE,"[(50, 50)]",SINGLE,"[(50, 50)]",SINGLE,"[(50, 50)]"
1237661418748313710,NO_PEAK,"[]",SINGLE,"[(50, 50)]",NO_PEAK,"[]",SINGLE,"[(20, 10)]"
1237661418748248263,NO_PEAK,"[]",DOUBLE,"[(49, 50)(37, 40)]",DOUBLE,"[(50, 49)(50, 36)]",SINGLE,"[(50, 50)]"
1237661388677316707,NO_PEAK,"[]",SINGLE,"[(50, 50)]",SINGLE,"[(50, 50)]",SINGLE,"[(50, 50)]"
1237661388140445745,SINGLE,"[(50, 50)]",SINGLE,"[(49, 50)]",SINGLE,"[(49, 50)]",NO_PEAK,"[]"
1237661388677316788,NO_PEAK,"[]",SINGLE,"[(50, 50)]",SINGLE,"[(50, 50)]",SINGLE,"[(50, 50)]"
1237661418748641373,NO_PEAK,"[]",NO_PEAK,"[]",NO_PEAK,"[]",NO_PEAK,"[]"
1237661387603968050,NO_PEAK,"[]",SINGLE,"[(50, 50)]",SINGLE,"[(50, 49)]",SINGLE,"[(50, 50)]"
1237661418748576175,NO_PEAK,"[]",NO_PEAK,"[]",SINGLE,"[(50, 50)]",NO_PEAK,"[]"
1237661388140773591,NO_PEAK,"[]",SINGLE,"[(50, 50)]",NO_PEAK,"[]",NO_PEAK,"[]"
1237661387604033652,NO_PEAK,"[]",SINGLE,"[(50, 50)]",SINGLE,"[(50, 50)]",SINGLE,"[(50, 50)]"
1237661387603968123,SINGLE,"[(50, 50)]",SINGLE,"[(50, 49)]",SINGLE,"[(50, 50)]",SINGLE,"[(50, 50)]"
1237661418211770504,NO_PEAK,"[]",SINGLE,"[(29, 44)]",NO_PEAK,"[]",NO_PEAK,"[]"
1237661387603902739,NO_PEAK,"[]",NO_PEAK,"[]",SINGLE,"[(26, 14)]",SINGLE,"[(25, 14)]"
1237661388140773612,SINGLE,"[(5, 47)]",NO_PEAK,"[]",SINGLE,"[(50, 50)]",SINGLE,"[(49, 50)]"
1237661418211770575,NO_PEAK,"[]",SINGLE,"[(50, 50)]",SINGLE,"[(50, 50)]",SINGLE,"[(50, 50)]"
1237661418211770449,NO_PEAK,"[]",NO_PEAK,"[]",SINGLE,"[(49, 50)]",NO_PEAK,"[]"
1237661418211770543,NO_PEAK,"[]",SINGLE,"[(50, 50)]",SINGLE,"[(50, 50)]",SINGLE,"[(50, 50)]"
1237661418211770487,NO_PEAK,"[]",SINGLE,"[(50, 50)]",NO_PEAK,"[]",SINGLE,"[(22, 5)]"
1237661418748510494,NO_PEAK,"[]",SINGLE,"[(49, 50)]",NO_PEAK,"[]",NO_PEAK,"[]"
1237661387603968217,NO_PEAK,"[]",SINGLE,"[(50, 51)]",SINGLE,"[(50, 50)]",SINGLE,"[(50, 50)]"
1237661418748576067,NO_PEAK,"[]",NO_PEAK,"[]",SINGLE,"[(50, 50)]",SINGLE,"[(50, 50)]"
1237661388677579071,NO_PEAK,"[]",SINGLE,"[(50, 50)]",NO_PEAK,"[]",NO_PEAK,"[]"
1237661388677579038,NO_PEAK,"[]",SINGLE,"[(50, 49)]",SINGLE,"[(50, 50)]",SINGLE,"[(50, 50)]"
1237661388677513386,NO_PEAK,"[]",SINGLE,"[(50, 50)]",SINGLE,"[(50, 50)]",SINGLE,"[(50, 50)]"
1237661388677644501,NO_PEAK,"[]",SINGLE,"[(50, 50)]",SINGLE,"[(50, 50)]",SINGLE,"[(50, 50)]"
1237661418748444805,NO_PEAK,"[]",SINGLE,"[(50, 49)]",SINGLE,"[(50, 50)]",SINGLE,"[(50, 50)]"
1237661418748379355,NO_PEAK,"[]",SINGLE,"[(49, 50)]",SINGLE,"[(50, 50)]",NO_PEAK,"[]"
1237661388677513329,NO_PEAK,"[]",NO_PEAK,"[]",NO_PEAK,"[]",NO_PEAK,"[]"
1237661418748444876,SINGLE,"[(14, 30)]",NO_PEAK,"[]",NO_PEAK,"[]",NO_PEAK,"[]"
1237661418748444829,NO_PEAK,"[]",SINGLE,"[(35, 30)]",DOUBLE,"[(50, 49)(35, 29)]",DOUBLE,"[(50, 50)(35, 29)]"
1237661388140904499,SINGLE,"[(50, 50)]",SINGLE,"[(50, 50)]",NO_PEAK,"[]",SINGLE,"[(19, 51)]"
1237661418748641493,NO_PEAK,"[]",SINGLE,"[(50, 51)]",SINGLE,"[(50, 50)]",SINGLE,"[(50, 49)]"
1237661388140970163,NO_PEAK,"[]",SINGLE,"[(50, 50)]",SINGLE,"[(50, 50)]",SINGLE,"[(50, 50)]"
1237661418748641309,SINGLE,"[(27, 14)]",SINGLE,"[(27, 14)]",SINGLE,"[(27, 14)]",SINGLE,"[(27, 14)]"
1237661418748706900,NO_PEAK,"[]",SINGLE,"[(50, 50)]",SINGLE,"[(50, 50)]",SINGLE,"[(51, 49)]"
1237661418211967153,NO_PEAK,"[]",SINGLE,"[(51, 51)]",SINGLE,"[(49, 49)]",SINGLE,"[(51, 52)]"
1237661388140839086,NO_PEAK,"[]",SINGLE,"[(50, 50)]",SINGLE,"[(49, 50)]",SINGLE,"[(49, 49)]"
1237661418748641452,NO_PEAK,"[]",NO_PEAK,"[]",SINGLE,"[(50, 50)]",SINGLE,"[(50, 50)]"
1237661388140839115,NO_PEAK,"[]",DOUBLE,"[(44, 51)(50, 51)]",SINGLE,"[(45, 50)]",DOUBLE,"[(45, 50)(51, 50)]"
1237661418748707018,NO_PEAK,"[]",SINGLE,"[(5, 34)]",SINGLE,"[(4, 33)]",SINGLE,"[(5, 34)]"
1237661418748706906,NO_PEAK,"[]",DOUBLE,"[(50, 49)(58, 39)]",SINGLE,"[(51, 49)]",SINGLE,"[(58, 39)]"
1237661418211901719,NO_PEAK,"[]",SINGLE,"[(50, 50)]",SINGLE,"[(50, 50)]",SINGLE,"[(50, 50)]"
1237661418211836007,NO_PEAK,"[]",DOUBLE,"[(49, 50)(43, 42)]",NO_PEAK,"[]",SINGLE,"[(28, 4)]"
1237661386530947237,NO_PEAK,"[]",SINGLE,"[(50, 50)]",NO_PEAK,"[]",SINGLE,"[(24, 32)]"
1237661416602009768,NO_PEAK,"[]",SINGLE,"[(50, 50)]",SINGLE,"[(50, 49)]",NO_PEAK,"[]"
1237661386530947243,NO_PEAK,"[]",SINGLE,"[(50, 50)]",NO_PEAK,"[]",NO_PEAK,"[]"
1237661386531012711,NO_PEAK,"[]",SINGLE,"[(49, 50)]",SINGLE,"[(50, 50)]",SINGLE,"[(50, 51)]"
1237661387068014687,SINGLE,"[(21, 38)]",SINGLE,"[(50, 50)]",SINGLE,"[(50, 50)]",SINGLE,"[(50, 51)]"
1237661386530947278,NO_PEAK,"[]",NO_PEAK,"[]",SINGLE,"[(41, 25)]",SINGLE,"[(41, 25)]"
1237661416601944304,NO_PEAK,"[]",SINGLE,"[(49, 50)]",SINGLE,"[(50, 50)]",SINGLE,"[(50, 50)]"
1237661386531012769,SINGLE,"[(50, 50)]",SINGLE,"[(50, 50)]",SINGLE,"[(50, 50)]",SINGLE,"[(50, 49)]"
1237661417138946061,NO_PEAK,"[]",DOUBLE,"[(50, 50)(68, 56)]",DOUBLE,"[(50, 50)(68, 57)]",DOUBLE,"[(50, 50)(68, 56)]"
1237661416601944115,NO_PEAK,"[]",SINGLE,"[(50, 50)]",SINGLE,"[(50, 50)]",SINGLE,"[(50, 50)]"
1237661417138815069,NO_PEAK,"[]",NO_PEAK,"[]",NO_PEAK,"[]",SINGLE,"[(51, 51)]"
1237661417138815110,NO_PEAK,"[]",SINGLE,"[(50, 50)]",SINGLE,"[(50, 50)]",SINGLE,"[(50, 49)]"
1237661417138749570,NO_PEAK,"[]",SINGLE,"[(50, 50)]",NO_PEAK,"[]",SINGLE,"[(11, 2)]"
1237661387067883665,NO_PEAK,"[]",SINGLE,"[(50, 49)]",DOUBLE,"[(50, 50)(54, 44)]",SINGLE,"[(50, 50)]"
1237661417138814989,DOUBLE,"[(49, 50)(53, 51)]",DOUBLE,"[(48, 50)(54, 51)]",DOUBLE,"[(48, 50)(54, 52)]",DOUBLE,"[(48, 50)(54, 51)]"
1237661417138815208,SINGLE,"[(30, 36)]",SINGLE,"[(50, 51)]",SINGLE,"[(50, 50)]",SINGLE,"[(50, 50)]"
1237661386531078251,SINGLE,"[(50, 50)]",SINGLE,"[(50, 50)]",SINGLE,"[(50, 50)]",SINGLE,"[(50, 50)]"
1237661417138880628,NO_PEAK,"[]",SINGLE,"[(50, 50)]",NO_PEAK,"[]",NO_PEAK,"[]"
1237661387067949178,NO_PEAK,"[]",SINGLE,"[(50, 50)]",SINGLE,"[(50, 50)]",SINGLE,"[(50, 50)]"
1237661417675817100,NO_PEAK,"[]",SINGLE,"[(50, 50)]",SINGLE,"[(50, 50)]",SINGLE,"[(50, 50)]"
1237661417675751482,SINGLE,"[(50, 50)]",SINGLE,"[(49, 50)]",SINGLE,"[(50, 50)]",SINGLE,"[(50, 50)]"
1237661387067949147,SINGLE,"[(50, 50)]",SINGLE,"[(50, 50)]",SINGLE,"[(50, 50)]",SINGLE,"[(50, 50)]"
1237661387604754504,NO_PEAK,"[]",NO_PEAK,"[]",SINGLE,"[(10, 17)]",SINGLE,"[(10, 17)]"
1237661387604885526,SINGLE,"[(50, 50)]",SINGLE,"[(50, 50)]",SINGLE,"[(50, 50)]",NO_PEAK,"[]"
1237661387604754542,NO_PEAK,"[]",SINGLE,"[(50, 50)]",SINGLE,"[(50, 50)]",NO_PEAK,"[]"
1237661417675686064,NO_PEAK,"[]",SINGLE,"[(50, 50)]",SINGLE,"[(50, 50)]",SINGLE,"[(50, 50)]"
1237661387604754545,NO_PEAK,"[]",SINGLE,"[(49, 50)]",SINGLE,"[(50, 50)]",SINGLE,"[(50, 50)]"
1237661418212491981,NO_PEAK,"[]",NO_PEAK,"[]",SINGLE,"[(50, 50)]",SINGLE,"[(50, 50)]"
1237661418212622431,SINGLE,"[(50, 52)]",SINGLE,"[(50, 50)]",SINGLE,"[(50, 50)]",SINGLE,"[(50, 50)]"
1237661388141625566,SINGLE,"[(50, 50)]",SINGLE,"[(50, 50)]",SINGLE,"[(50, 50)]",SINGLE,"[(50, 50)]"
1237661418212491435,NO_PEAK,"[]",DOUBLE,"[(53, 60)(50, 51)]",NO_PEAK,"[]",NO_PEAK,"[]"
1237661418212491410,SINGLE,"[(3, 40)]",SINGLE,"[(4, 40)]",SINGLE,"[(4, 40)]",SINGLE,"[(4, 40)]"
1237661418212491323,NO_PEAK,"[]",NO_PEAK,"[]",NO_PEAK,"[]",DOUBLE,"[(6, 25)(7, 31)]"
1237661388141625558,NO_PEAK,"[]",DOUBLE,"[(50, 50)(59, 61)]",SINGLE,"[(50, 50)]",SINGLE,"[(50, 50)]"
1237661386530881828,NO_PEAK,"[]",SINGLE,"[(50, 50)]",SINGLE,"[(50, 50)]",SINGLE,"[(50, 50)]"
1237661416601878578,NO_PEAK,"[]",SINGLE,"[(49, 50)]",SINGLE,"[(50, 50)]",SINGLE,"[(50, 50)]"
1237661386530947202,NO_PEAK,"[]",SINGLE,"[(50, 50)]",SINGLE,"[(50, 50)]",SINGLE,"[(50, 49)]"
1237661416601944075,NO_PEAK,"[]",NO_PEAK,"[]",NO_PEAK,"[]",SINGLE,"[(49, 50)]"
1237661385994076251,NO_PEAK,"[]",SINGLE,"[(50, 51)]",SINGLE,"[(50, 50)]",NO_PEAK,"[]"
1237661385994076305,NO_PEAK,"[]",SINGLE,"[(49, 50)]",SINGLE,"[(50, 50)]",SINGLE,"[(50, 50)]"
1237661385994076271,SINGLE,"[(49, 50)]",SINGLE,"[(50, 50)]",SINGLE,"[(51, 50)]",SINGLE,"[(50, 50)]"
1237661416601878723,SINGLE,"[(33, 27)]",DOUBLE,"[(50, 50)(40, 45)]",NO_PEAK,"[]",SINGLE,"[(11, 10)]"
1237661416601878627,NO_PEAK,"[]",SINGLE,"[(50, 50)]",SINGLE,"[(50, 50)]",SINGLE,"[(50, 50)]"
1237661386530881725,DOUBLE,"[(41, 83)(52, 51)]",DOUBLE,"[(49, 50)(42, 69)]",DOUBLE,"[(50, 50)(41, 70)]",DOUBLE,"[(50, 50)(42, 69)]"
1237661386530947173,NO_PEAK,"[]",SINGLE,"[(50, 51)]",NO_PEAK,"[]",SINGLE,"[(4, 47)]"
1237661416601944206,NO_PEAK,"[]",SINGLE,"[(50, 50)]",SINGLE,"[(50, 50)]",SINGLE,"[(50, 50)]"
1237661386530881777,NO_PEAK,"[]",SINGLE,"[(50, 50)]",SINGLE,"[(50, 50)]",NO_PEAK,"[]"
1237661386530881849,NO_PEAK,"[]",SINGLE,"[(50, 50)]",SINGLE,"[(50, 50)]",SINGLE,"[(50, 50)]"
1237661386530947134,NO_PEAK,"[]",SINGLE,"[(50, 50)]",SINGLE,"[(50, 50)]",SINGLE,"[(50, 50)]"
1237661386530881898,NO_PEAK,"[]",SINGLE,"[(50, 51)]",SINGLE,"[(50, 50)]",NO_PEAK,"[]"
1237661385994010760,NO_PEAK,"[]",SINGLE,"[(50, 50)]",SINGLE,"[(50, 50)]",SINGLE,"[(50, 50)]"
1237661387067818180,SINGLE,"[(14, 6)]",SINGLE,"[(14, 6)]",SINGLE,"[(14, 5)]",SINGLE,"[(14, 6)]"
1237661387067818079,NO_PEAK,"[]",SINGLE,"[(49, 50)]",SINGLE,"[(50, 50)]",DOUBLE,"[(50, 50)(59, 57)]"
1237661387067883637,SINGLE,"[(51, 50)]",SINGLE,"[(50, 50)]",NO_PEAK,"[]",SINGLE,"[(8, 3)]"
1237661417675686004,NO_PEAK,"[]",SINGLE,"[(50, 50)]",SINGLE,"[(50, 50)]",SINGLE,"[(50, 50)]"
1237661417675620564,NO_PEAK,"[]",SINGLE,"[(50, 50)]",SINGLE,"[(50, 50)]",NO_PEAK,"[]"
1237661417675620681,NO_PEAK,"[]",NO_PEAK,"[]",SINGLE,"[(50, 49)]",NO_PEAK,"[]"
1237661417675686020,NO_PEAK,"[]",SINGLE,"[(50, 50)]",SINGLE,"[(19, 26)]",SINGLE,"[(19, 26)]"
1237661417675685931,SINGLE,"[(35, 63)]",SINGLE,"[(35, 63)]",SINGLE,"[(50, 50)]",SINGLE,"[(50, 50)]"
1237661387604689042,NO_PEAK,"[]",SINGLE,"[(50, 50)]",NO_PEAK,"[]",SINGLE,"[(7, 11)]"
1237661417675686069,NO_PEAK,"[]",SINGLE,"[(49, 50)]",SINGLE,"[(50, 50)]",SINGLE,"[(50, 50)]"
1237661417675555012,SINGLE,"[(51, 50)]",SINGLE,"[(49, 50)]",SINGLE,"[(50, 50)]",SINGLE,"[(50, 50)]"
1237661852013035611,SINGLE,"[(50, 50)]",SINGLE,"[(50, 50)]",SINGLE,"[(50, 50)]",SINGLE,"[(50, 50)]"
1237661852549840952,NO_PEAK,"[]",SINGLE,"[(50, 51)]",SINGLE,"[(50, 50)]",SINGLE,"[(50, 50)]"
1237661873484202138,NO_PEAK,"[]",SINGLE,"[(49, 50)]",SINGLE,"[(50, 49)]",SINGLE,"[(50, 50)]"
1237661851476230219,NO_PEAK,"[]",SINGLE,"[(50, 50)]",SINGLE,"[(50, 51)]",SINGLE,"[(50, 50)]"
1237661873484071085,SINGLE,"[(50, 50)]",SINGLE,"[(50, 50)]",SINGLE,"[(50, 50)]",DOUBLE,"[(50, 50)(60, 43)]"
1237661873484202055,NO_PEAK,"[]",SINGLE,"[(50, 50)]",SINGLE,"[(50, 50)]",SINGLE,"[(50, 49)]"
1237661873484136628,NO_PEAK,"[]",NO_PEAK,"[]",SINGLE,"[(50, 50)]",NO_PEAK,"[]"
1237661851476230229,NO_PEAK,"[]",SINGLE,"[(50, 50)]",SINGLE,"[(50, 50)]",SINGLE,"[(50, 50)]"
1237661873484071090,NO_PEAK,"[]",NO_PEAK,"[]",NO_PEAK,"[]",SINGLE,"[(11, 17)]"
1237661873484136607,NO_PEAK,"[]",SINGLE,"[(50, 50)]",SINGLE,"[(50, 50)]",SINGLE,"[(50, 50)]"
1237661873484071190,NO_PEAK,"[]",NO_PEAK,"[]",SINGLE,"[(50, 50)]",SINGLE,"[(50, 50)]"
1237661851476295747,NO_PEAK,"[]",NO_PEAK,"[]",SINGLE,"[(50, 50)]",SINGLE,"[(50, 50)]"
1237661851476230232,NO_PEAK,"[]",NO_PEAK,"[]",SINGLE,"[(50, 50)]",SINGLE,"[(50, 50)]"
1237661873484267885,SINGLE,"[(15, 24)]",NO_PEAK,"[]",SINGLE,"[(50, 50)]",SINGLE,"[(50, 50)]"
1237661851476295783,SINGLE,"[(23, 21)]",NO_PEAK,"[]",NO_PEAK,"[]",NO_PEAK,"[]"
1237661851476361344,SINGLE,"[(50, 49)]",SINGLE,"[(50, 50)]",SINGLE,"[(50, 50)]",NO_PEAK,"[]"
1237661851476230241,NO_PEAK,"[]",SINGLE,"[(51, 50)]",SINGLE,"[(51, 50)]",SINGLE,"[(50, 50)]"
1237661872947265731,NO_PEAK,"[]",SINGLE,"[(50, 50)]",NO_PEAK,"[]",NO_PEAK,"[]"
1237661852013297986,SINGLE,"[(88, 60)]",NO_PEAK,"[]",SINGLE,"[(50, 50)]",NO_PEAK,"[]"
1237661852013232278,NO_PEAK,"[]",SINGLE,"[(39, 43)]",SINGLE,"[(40, 43)]",NO_PEAK,"[]"
1237661873484267681,NO_PEAK,"[]",SINGLE,"[(36, 4)]",SINGLE,"[(36, 4)]",SINGLE,"[(36, 4)]"
1237661852013166712,NO_PEAK,"[]",SINGLE,"[(50, 50)]",SINGLE,"[(50, 50)]",SINGLE,"[(50, 50)]"
1237661873484267872,NO_PEAK,"[]",SINGLE,"[(50, 50)]",SINGLE,"[(50, 50)]",SINGLE,"[(50, 49)]"
1237661873484333271,NO_PEAK,"[]",SINGLE,"[(50, 50)]",NO_PEAK,"[]",NO_PEAK,"[]"
1237661852013232253,NO_PEAK,"[]",SINGLE,"[(50, 50)]",SINGLE,"[(50, 50)]",SINGLE,"[(50, 50)]"
1237661873484267832,NO_PEAK,"[]",DOUBLE,"[(50, 49)(34, 65)]",NO_PEAK,"[]",NO_PEAK,"[]"
1237661851476426837,SINGLE,"[(20, 21)]",SINGLE,"[(44, 39)]",NO_PEAK,"[]",SINGLE,"[(22, 34)]"
1237661852013232318,NO_PEAK,"[]",SINGLE,"[(50, 50)]",SINGLE,"[(50, 50)]",SINGLE,"[(50, 50)]"
1237661852013232232,NO_PEAK,"[]",SINGLE,"[(3, 26)]",SINGLE,"[(2, 26)]",SINGLE,"[(2, 27)]"
1237661873484333210,NO_PEAK,"[]",SINGLE,"[(49, 51)]",NO_PEAK,"[]",NO_PEAK,"[]"
1237661873484398762,NO_PEAK,"[]",SINGLE,"[(50, 50)]",NO_PEAK,"[]",NO_PEAK,"[]"
1237661852013363292,NO_PEAK,"[]",SINGLE,"[(50, 50)]",SINGLE,"[(50, 49)]",SINGLE,"[(50, 50)]"
1237661852013363283,NO_PEAK,"[]",SINGLE,"[(50, 50)]",SINGLE,"[(50, 50)]",NO_PEAK,"[]"
1237661852013297768,NO_PEAK,"[]",SINGLE,"[(50, 50)]",SINGLE,"[(50, 50)]",SINGLE,"[(50, 50)]"
1237661851476492360,NO_PEAK,"[]",SINGLE,"[(50, 51)]",SINGLE,"[(50, 50)]",NO_PEAK,"[]"
1237661873484333238,NO_PEAK,"[]",SINGLE,"[(50, 50)]",SINGLE,"[(49, 49)]",SINGLE,"[(50, 50)]"
1237661851476492462,NO_PEAK,"[]",SINGLE,"[(50, 50)]",SINGLE,"[(50, 50)]",SINGLE,"[(50, 50)]"
1237661873484398719,SINGLE,"[(50, 50)]",SINGLE,"[(50, 49)]",SINGLE,"[(50, 50)]",NO_PEAK,"[]"
1237661851476426911,NO_PEAK,"[]",NO_PEAK,"[]",SINGLE,"[(50, 50)]",SINGLE,"[(50, 50)]"
1237661852013363278,NO_PEAK,"[]",SINGLE,"[(50, 50)]",SINGLE,"[(50, 50)]",SINGLE,"[(50, 50)]"
1237661851476492385,NO_PEAK,"[]",SINGLE,"[(50, 50)]",NO_PEAK,"[]",NO_PEAK,"[]"
1237661873484333295,NO_PEAK,"[]",NO_PEAK,"[]",DOUBLE,"[(50, 50)(46, 44)]",DOUBLE,"[(50, 50)(46, 44)]"
1237661851476492528,NO_PEAK,"[]",SINGLE,"[(50, 51)]",NO_PEAK,"[]",NO_PEAK,"[]"
1237661851476492379,SINGLE,"[(50, 50)]",SINGLE,"[(50, 50)]",SINGLE,"[(50, 50)]",SINGLE,"[(50, 50)]"
1237661874021007438,NO_PEAK,"[]",SINGLE,"[(50, 50)]",SINGLE,"[(50, 50)]",SINGLE,"[(51, 49)]"
1237661852549906624,NO_PEAK,"[]",SINGLE,"[(51, 50)]",SINGLE,"[(50, 49)]",SINGLE,"[(50, 50)]"
1237661874021007455,NO_PEAK,"[]",DOUBLE,"[(50, 50)(42, 54)]",SINGLE,"[(50, 50)]",NO_PEAK,"[]"
1237661433241337939,SINGLE,"[(50, 50)]",SINGLE,"[(50, 50)]",SINGLE,"[(50, 50)]",SINGLE,"[(50, 50)]"
1237661852549906586,NO_PEAK,"[]",SINGLE,"[(50, 50)]",SINGLE,"[(50, 50)]",SINGLE,"[(50, 50)]"
1237661852549972424,NO_PEAK,"[]",NO_PEAK,"[]",SINGLE,"[(50, 50)]",SINGLE,"[(50, 50)]"
1237661852013101266,NO_PEAK,"[]",SINGLE,"[(50, 50)]",NO_PEAK,"[]",SINGLE,"[(25, 4)]"
1237661852013101254,SINGLE,"[(89, 96)]",SINGLE,"[(50, 50)]",NO_PEAK,"[]",SINGLE,"[(39, 5)]"
1237661874021073148,NO_PEAK,"[]",SINGLE,"[(50, 50)]",SINGLE,"[(50, 50)]",SINGLE,"[(50, 49)]"
1237661874021073081,NO_PEAK,"[]",NO_PEAK,"[]",NO_PEAK,"[]",SINGLE,"[(50, 49)]"
1237661852013166759,NO_PEAK,"[]",NO_PEAK,"[]",SINGLE,"[(50, 50)]",SINGLE,"[(51, 50)]"
1237661874021072953,DOUBLE,"[(45, 50)(53, 50)]",DOUBLE,"[(46, 50)(52, 49)]",NO_PEAK,"[]",NO_PEAK,"[]"
1237661852549906619,SINGLE,"[(51, 48)]",SINGLE,"[(50, 50)]",DOUBLE,"[(50, 50)(58, 54)]",SINGLE,"[(50, 50)]"
1237661852013232245,SINGLE,"[(43, 51)]",SINGLE,"[(50, 50)]",SINGLE,"[(49, 50)]",SINGLE,"[(50, 51)]"
1237661852013101239,SINGLE,"[(11, 89)]",SINGLE,"[(50, 51)]",SINGLE,"[(50, 50)]",SINGLE,"[(50, 51)]"
1237661852013428868,NO_PEAK,"[]",SINGLE,"[(50, 50)]",SINGLE,"[(49, 50)]",SINGLE,"[(50, 50)]"
1237661852013363390,NO_PEAK,"[]",SINGLE,"[(50, 50)]",SINGLE,"[(50, 50)]",SINGLE,"[(50, 50)]"
1237661874021335105,NO_PEAK,"[]",NO_PEAK,"[]",NO_PEAK,"[]",SINGLE,"[(33, 13)]"
1237661852013428902,NO_PEAK,"[]",SINGLE,"[(50, 50)]",SINGLE,"[(50, 50)]",SINGLE,"[(50, 50)]"
1237661852013428885,NO_PEAK,"[]",SINGLE,"[(50, 50)]",SINGLE,"[(50, 50)]",SINGLE,"[(50, 50)]"
1237661852013363232,NO_PEAK,"[]",SINGLE,"[(17, 29)]",SINGLE,"[(14, 28)]",SINGLE,"[(17, 28)]"
1237661852013363286,NO_PEAK,"[]",SINGLE,"[(51, 50)]",SINGLE,"[(50, 50)]",SINGLE,"[(51, 50)]"
1237661852013428855,NO_PEAK,"[]",SINGLE,"[(51, 50)]",SINGLE,"[(50, 50)]",SINGLE,"[(50, 50)]"
1237661873484464197,NO_PEAK,"[]",DOUBLE,"[(50, 50)(39, 52)]",DOUBLE,"[(50, 50)(40, 50)]",DOUBLE,"[(50, 50)(40, 51)]"
1237661851476557925,NO_PEAK,"[]",SINGLE,"[(51, 50)]",SINGLE,"[(50, 50)]",SINGLE,"[(51, 50)]"
1237661852013428861,SINGLE,"[(50, 50)]",SINGLE,"[(50, 50)]",SINGLE,"[(50, 50)]",SINGLE,"[(50, 50)]"
1237661873484464260,SINGLE,"[(50, 50)]",SINGLE,"[(50, 50)]",SINGLE,"[(50, 50)]",NO_PEAK,"[]"
1237661852013428847,NO_PEAK,"[]",SINGLE,"[(51, 51)]",SINGLE,"[(50, 50)]",SINGLE,"[(50, 50)]"
1237661852013363367,NO_PEAK,"[]",SINGLE,"[(50, 51)]",SINGLE,"[(50, 50)]",SINGLE,"[(50, 50)]"
1237661873484464189,SINGLE,"[(51, 50)]",SINGLE,"[(50, 50)]",SINGLE,"[(50, 50)]",SINGLE,"[(50, 50)]"
1237661873484464177,SINGLE,"[(50, 50)]",SINGLE,"[(50, 50)]",NO_PEAK,"[]",SINGLE,"[(2, 35)]"
1237661433241534611,SINGLE,"[(50, 49)]",SINGLE,"[(38, 1)]",SINGLE,"[(38, 1)]",SINGLE,"[(38, 1)]"
1237661874021204181,NO_PEAK,"[]",NO_PEAK,"[]",SINGLE,"[(50, 50)]",SINGLE,"[(50, 49)]"
1237661874021204172,NO_PEAK,"[]",NO_PEAK,"[]",SINGLE,"[(36, 31)]",SINGLE,"[(37, 30)]"
1237661433241600135,NO_PEAK,"[]",SINGLE,"[(29, 22)]",SINGLE,"[(29, 23)]",SINGLE,"[(29, 22)]"
1237661874021204096,NO_PEAK,"[]",SINGLE,"[(50, 50)]",SINGLE,"[(50, 50)]",SINGLE,"[(50, 50)]"
1237661360226041970,SINGLE,"[(50, 51)]",SINGLE,"[(51, 50)]",SINGLE,"[(50, 50)]",SINGLE,"[(50, 50)]"
1237661433241534641,SINGLE,"[(50, 50)]",SINGLE,"[(50, 50)]",SINGLE,"[(50, 50)]",NO_PEAK,"[]"
1237661874021138561,NO_PEAK,"[]",SINGLE,"[(50, 50)]",SINGLE,"[(50, 50)]",SINGLE,"[(50, 50)]"
1237661852013232270,SINGLE,"[(49, 50)]",SINGLE,"[(50, 50)]",SINGLE,"[(50, 50)]",SINGLE,"[(50, 50)]"
1237661852550103109,NO_PEAK,"[]",SINGLE,"[(50, 50)]",SINGLE,"[(50, 50)]",SINGLE,"[(50, 50)]"
1237661874021138524,NO_PEAK,"[]",SINGLE,"[(50, 50)]",SINGLE,"[(50, 50)]",DOUBLE,"[(50, 50)(55, 65)]"
1237661852550168690,NO_PEAK,"[]",SINGLE,"[(50, 50)]",SINGLE,"[(50, 50)]",SINGLE,"[(17, 39)]"
1237661852550103193,SINGLE,"[(52, 99)]",NO_PEAK,"[]",SINGLE,"[(50, 50)]",SINGLE,"[(50, 50)]"
1237661874021204112,NO_PEAK,"[]",SINGLE,"[(50, 50)]",SINGLE,"[(50, 50)]",NO_PEAK,"[]"
1237661852013559895,NO_PEAK,"[]",SINGLE,"[(50, 50)]",SINGLE,"[(50, 50)]",NO_PEAK,"[]"
1237661873484529752,SINGLE,"[(50, 50)]",SINGLE,"[(50, 50)]",SINGLE,"[(50, 50)]",SINGLE,"[(51, 50)]"
1237661873484595416,SINGLE,"[(49, 49)]",SINGLE,"[(50, 50)]",SINGLE,"[(50, 51)]",SINGLE,"[(50, 50)]"
1237661852013559890,NO_PEAK,"[]",SINGLE,"[(51, 50)]",SINGLE,"[(50, 50)]",SINGLE,"[(50, 49)]"
1237661852013494341,NO_PEAK,"[]",SINGLE,"[(50, 50)]",NO_PEAK,"[]",SINGLE,"[(50, 50)]"
1237661873484595381,NO_PEAK,"[]",SINGLE,"[(51, 50)]",SINGLE,"[(50, 50)]",SINGLE,"[(50, 50)]"
1237661874021335127,NO_PEAK,"[]",DOUBLE,"[(48, 50)(65, 48)]",DOUBLE,"[(49, 50)(64, 49)]",DOUBLE,"[(49, 50)(66, 48)]"
1237661852013559820,NO_PEAK,"[]",SINGLE,"[(50, 50)]",SINGLE,"[(50, 50)]",SINGLE,"[(50, 50)]"
1237661852013559885,NO_PEAK,"[]",SINGLE,"[(50, 50)]",SINGLE,"[(51, 50)]",SINGLE,"[(50, 50)]"
1237661873484595508,NO_PEAK,"[]",NO_PEAK,"[]",SINGLE,"[(50, 50)]",DOUBLE,"[(50, 51)(42, 40)]"
1237661873484529768,SINGLE,"[(29, 22)]",DOUBLE,"[(50, 50)(53, 42)]",DOUBLE,"[(50, 50)(53, 41)]",DOUBLE,"[(50, 50)(53, 41)]"
1237661873484595391,NO_PEAK,"[]",SINGLE,"[(50, 50)]",SINGLE,"[(50, 50)]",NO_PEAK,"[]"
1237661873484529755,NO_PEAK,"[]",SINGLE,"[(44, 13)]",SINGLE,"[(44, 13)]",SINGLE,"[(44, 13)]"
1237661873484529695,NO_PEAK,"[]",SINGLE,"[(50, 50)]",SINGLE,"[(50, 50)]",NO_PEAK,"[]"
1237661873484595400,SINGLE,"[(51, 50)]",SINGLE,"[(50, 50)]",SINGLE,"[(50, 50)]",SINGLE,"[(50, 50)]"
1237661873484529811,NO_PEAK,"[]",SINGLE,"[(50, 50)]",SINGLE,"[(50, 50)]",SINGLE,"[(50, 50)]"
1237661873484595216,NO_PEAK,"[]",NO_PEAK,"[]",NO_PEAK,"[]",NO_PEAK,"[]"
1237661874021269578,NO_PEAK,"[]",SINGLE,"[(49, 50)]",SINGLE,"[(50, 50)]",SINGLE,"[(50, 50)]"
1237661360226107509,NO_PEAK,"[]",SINGLE,"[(50, 50)]",SINGLE,"[(50, 50)]",SINGLE,"[(50, 50)]"
1237661360226238526,SINGLE,"[(50, 49)]",SINGLE,"[(50, 50)]",SINGLE,"[(50, 50)]",SINGLE,"[(50, 51)]"
1237661852550234133,NO_PEAK,"[]",SINGLE,"[(50, 50)]",SINGLE,"[(50, 50)]",SINGLE,"[(50, 50)]"
1237661852550234214,NO_PEAK,"[]",SINGLE,"[(50, 50)]",SINGLE,"[(50, 50)]",SINGLE,"[(50, 50)]"
1237661360226107503,SINGLE,"[(50, 50)]",SINGLE,"[(51, 50)]",SINGLE,"[(50, 50)]",NO_PEAK,"[]"
1237661852550365321,NO_PEAK,"[]",SINGLE,"[(50, 51)]",SINGLE,"[(50, 50)]",SINGLE,"[(50, 50)]"
1237661852550365190,NO_PEAK,"[]",SINGLE,"[(49, 40)]",SINGLE,"[(49, 40)]",SINGLE,"[(49, 40)]"
1237661874021400705,NO_PEAK,"[]",SINGLE,"[(50, 50)]",SINGLE,"[(49, 50)]",NO_PEAK,"[]"
1237661874021335182,NO_PEAK,"[]",SINGLE,"[(50, 49)]",SINGLE,"[(50, 50)]",NO_PEAK,"[]"
1237661852550299911,NO_PEAK,"[]",SINGLE,"[(50, 49)]",SINGLE,"[(50, 49)]",SINGLE,"[(49, 50)]"
1237661852550299759,NO_PEAK,"[]",NO_PEAK,"[]",NO_PEAK,"[]",NO_PEAK,"[]"
1237661874021335157,NO_PEAK,"[]",NO_PEAK,"[]",SINGLE,"[(14, 6)]",SINGLE,"[(14, 6)]"
1237661874021532058,SINGLE,"[(2, 13)]",SINGLE,"[(50, 51)]",SINGLE,"[(50, 50)]",NO_PEAK,"[]"
1237661852013625568,NO_PEAK,"[]",SINGLE,"[(50, 50)]",SINGLE,"[(50, 50)]",SINGLE,"[(50, 50)]"
1237661852013625452,SINGLE,"[(51, 51)]",SINGLE,"[(50, 50)]",SINGLE,"[(50, 50)]",SINGLE,"[(51, 50)]"
1237661852013625542,SINGLE,"[(50, 50)]",SINGLE,"[(50, 50)]",SINGLE,"[(50, 50)]",NO_PEAK,"[]"
1237661852013625508,SINGLE,"[(50, 50)]",SINGLE,"[(50, 50)]",SINGLE,"[(50, 50)]",SINGLE,"[(50, 50)]"
1237661874021466235,NO_PEAK,"[]",SINGLE,"[(50, 49)]",NO_PEAK,"[]",SINGLE,"[(30, 46)]"
1237661852013625511,NO_PEAK,"[]",SINGLE,"[(50, 51)]",SINGLE,"[(50, 50)]",SINGLE,"[(50, 50)]"
1237661873484660877,SINGLE,"[(50, 50)]",SINGLE,"[(50, 50)]",SINGLE,"[(50, 50)]",DOUBLE,"[(50, 50)(63, 34)]"
1237661873484661106,NO_PEAK,"[]",NO_PEAK,"[]",NO_PEAK,"[]",NO_PEAK,"[]"
1237661873484726338,NO_PEAK,"[]",NO_PEAK,"[]",SINGLE,"[(25, 47)]",NO_PEAK,"[]"
1237661873484660900,NO_PEAK,"[]",SINGLE,"[(50, 50)]",NO_PEAK,"[]",NO_PEAK,"[]"
1237661873484660861,NO_PEAK,"[]",SINGLE,"[(50, 50)]",SINGLE,"[(50, 50)]",SINGLE,"[(50, 50)]"
1237661873484726409,NO_PEAK,"[]",SINGLE,"[(20, 14)]",SINGLE,"[(19, 14)]",SINGLE,"[(20, 14)]"
1237661873484660833,NO_PEAK,"[]",SINGLE,"[(50, 50)]",SINGLE,"[(50, 50)]",NO_PEAK,"[]"
1237661873484660846,NO_PEAK,"[]",SINGLE,"[(50, 50)]",SINGLE,"[(50, 50)]",SINGLE,"[(50, 50)]"
1237661873484660752,SINGLE,"[(51, 49)]",SINGLE,"[(50, 50)]",SINGLE,"[(50, 50)]",SINGLE,"[(50, 50)]"
1237661850404126885,NO_PEAK,"[]",NO_PEAK,"[]",SINGLE,"[(51, 50)]",SINGLE,"[(50, 50)]"
1237661850404126875,NO_PEAK,"[]",NO_PEAK,"[]",SINGLE,"[(11, 19)]",SINGLE,"[(10, 19)]"
1237661872411902011,SINGLE,"[(50, 50)]",SINGLE,"[(50, 50)]",SINGLE,"[(50, 50)]",SINGLE,"[(50, 50)]"
1237661850404061243,NO_PEAK,"[]",SINGLE,"[(50, 50)]",SINGLE,"[(50, 50)]",NO_PEAK,"[]"
1237661850941063351,NO_PEAK,"[]",NO_PEAK,"[]",SINGLE,"[(50, 50)]",NO_PEAK,"[]"
1237661850941063284,NO_PEAK,"[]",NO_PEAK,"[]",NO_PEAK,"[]",NO_PEAK,"[]"
1237661872412098649,NO_PEAK,"[]",SINGLE,"[(50, 50)]",SINGLE,"[(50, 50)]",SINGLE,"[(50, 50)]"
1237661850941063293,NO_PEAK,"[]",SINGLE,"[(50, 50)]",SINGLE,"[(50, 50)]",DOUBLE,"[(50, 50)(58, 48)]"
1237661850403995778,SINGLE,"[(50, 50)]",SINGLE,"[(50, 50)]",SINGLE,"[(50, 50)]",SINGLE,"[(50, 50)]"
1237661872411967644,NO_PEAK,"[]",SINGLE,"[(50, 50)]",SINGLE,"[(50, 50)]",NO_PEAK,"[]"
1237661850941063273,NO_PEAK,"[]",SINGLE,"[(50, 50)]",SINGLE,"[(51, 50)]",SINGLE,"[(50, 50)]"
1237661850941128779,NO_PEAK,"[]",SINGLE,"[(50, 51)]",SINGLE,"[(50, 50)]",SINGLE,"[(50, 50)]"
1237661872948838561,SINGLE,"[(50, 50)]",SINGLE,"[(50, 50)]",SINGLE,"[(50, 50)]",SINGLE,"[(50, 50)]"
1237661850940997749,NO_PEAK,"[]",SINGLE,"[(50, 50)]",SINGLE,"[(50, 50)]",SINGLE,"[(50, 50)]"
1237661850941063236,NO_PEAK,"[]",SINGLE,"[(50, 50)]",SINGLE,"[(50, 50)]",SINGLE,"[(50, 50)]"
1237661872948904231,NO_PEAK,"[]",SINGLE,"[(50, 51)]",NO_PEAK,"[]",SINGLE,"[(15, 20)]"
1237661872948969663,NO_PEAK,"[]",SINGLE,"[(50, 51)]",NO_PEAK,"[]",SINGLE,"[(50, 50)]"
1237661872948969708,NO_PEAK,"[]",SINGLE,"[(50, 50)]",DOUBLE,"[(50, 50)(56, 59)]",DOUBLE,"[(50, 50)(57, 58)]"
1237661872948904168,NO_PEAK,"[]",NO_PEAK,"[]",SINGLE,"[(23, 36)]",NO_PEAK,"[]"
1237661873485643906,NO_PEAK,"[]",SINGLE,"[(50, 50)]",SINGLE,"[(50, 50)]",NO_PEAK,"[]"
1237661851477869097,NO_PEAK,"[]",NO_PEAK,"[]",SINGLE,"[(50, 50)]",SINGLE,"[(50, 49)]"
1237661872948969780,NO_PEAK,"[]",SINGLE,"[(50, 50)]",NO_PEAK,"[]",NO_PEAK,"[]"
1237661849867124798,SINGLE,"[(50, 51)]",SINGLE,"[(50, 50)]",SINGLE,"[(50, 50)]",SINGLE,"[(50, 50)]"
1237661849867190527,NO_PEAK,"[]",SINGLE,"[(51, 50)]",SINGLE,"[(50, 50)]",SINGLE,"[(50, 50)]"
1237661850403995996,SINGLE,"[(3, 24)]",NO_PEAK,"[]",NO_PEAK,"[]",SINGLE,"[(50, 50)]"
1237661871874965512,NO_PEAK,"[]",SINGLE,"[(59, 18)]",SINGLE,"[(59, 18)]",SINGLE,"[(50, 50)]"
1237661850403930175,NO_PEAK,"[]",SINGLE,"[(51, 50)]",SINGLE,"[(50, 50)]",SINGLE,"[(50, 50)]"
1237661849867124851,NO_PEAK,"[]",SINGLE,"[(51, 51)]",SINGLE,"[(50, 50)]",NO_PEAK,"[]"
1237661871874900200,NO_PEAK,"[]",SINGLE,"[(50, 50)]",SINGLE,"[(50, 51)]",NO_PEAK,"[]"
1237661872411836583,NO_PEAK,"[]",SINGLE,"[(50, 49)]",SINGLE,"[(49, 49)]",SINGLE,"[(50, 49)]"
1237661871874965693,NO_PEAK,"[]",SINGLE,"[(50, 50)]",SINGLE,"[(50, 51)]",SINGLE,"[(50, 50)]"
1237661872411836577,DOUBLE,"[(48, 46)(55, 56)]",DOUBLE,"[(50, 50)(54, 56)]",SINGLE,"[(50, 51)]",SINGLE,"[(50, 50)]"
1237661872411901998,SINGLE,"[(23, 38)]",SINGLE,"[(23, 38)]",SINGLE,"[(22, 38)]",DOUBLE,"[(23, 38)(50, 50)]"
1237661872411770939,NO_PEAK,"[]",NO_PEAK,"[]",SINGLE,"[(34, 30)]",SINGLE,"[(34, 30)]"
1237661850940932237,SINGLE,"[(50, 49)]",SINGLE,"[(50, 50)]",SINGLE,"[(50, 50)]",SINGLE,"[(50, 49)]"
1237661872948708111,NO_PEAK,"[]",NO_PEAK,"[]",SINGLE,"[(26, 17)]",SINGLE,"[(27, 18)]"
1237661850940932153,DOUBLE,"[(59, 60)(49, 50)]",DOUBLE,"[(50, 50)(60, 60)]",DOUBLE,"[(50, 50)(59, 59)]",NO_PEAK,"[]"
1237661850940866668,NO_PEAK,"[]",SINGLE,"[(51, 50)]",SINGLE,"[(50, 50)]",SINGLE,"[(50, 50)]"
1237661872948707545,NO_PEAK,"[]",SINGLE,"[(50, 50)]",SINGLE,"[(51, 50)]",SINGLE,"[(50, 50)]"
1237661851477672451,NO_PEAK,"[]",NO_PEAK,"[]",SINGLE,"[(50, 50)]",SINGLE,"[(50, 50)]"
1237661851477672158,NO_PEAK,"[]",SINGLE,"[(50, 50)]",SINGLE,"[(51, 50)]",SINGLE,"[(50, 50)]"
1237661872948772922,NO_PEAK,"[]",SINGLE,"[(50, 50)]",SINGLE,"[(50, 50)]",DOUBLE,"[(50, 50)(59, 48)]"
1237661873485644349,SINGLE,"[(47, 10)]",NO_PEAK,"[]",SINGLE,"[(50, 50)]",SINGLE,"[(50, 50)]"
1237661871874900263,NO_PEAK,"[]",NO_PEAK,"[]",SINGLE,"[(52, 38)]",SINGLE,"[(52, 37)]"
1237661871874900195,NO_PEAK,"[]",SINGLE,"[(50, 50)]",SINGLE,"[(50, 50)]",SINGLE,"[(50, 50)]"
1237661871874965674,NO_PEAK,"[]",SINGLE,"[(50, 50)]",NO_PEAK,"[]",NO_PEAK,"[]"
1237661849867059325,NO_PEAK,"[]",SINGLE,"[(50, 50)]",SINGLE,"[(50, 50)]",SINGLE,"[(50, 50)]"
1237661871338094594,SINGLE,"[(50, 50)]",SINGLE,"[(50, 50)]",SINGLE,"[(50, 50)]",SINGLE,"[(50, 50)]"
1237661871338029230,NO_PEAK,"[]",NO_PEAK,"[]",NO_PEAK,"[]",NO_PEAK,"[]"
1237661871874900040,SINGLE,"[(50, 50)]",SINGLE,"[(49, 50)]",SINGLE,"[(50, 50)]",NO_PEAK,"[]"
1237661968503210551,NO_PEAK,"[]",NO_PEAK,"[]",NO_PEAK,"[]",SINGLE,"[(37, 1)]"
1237662195599540311,NO_PEAK,"[]",SINGLE,"[(50, 50)]",NO_PEAK,"[]",NO_PEAK,"[]"
1237662195599474831,NO_PEAK,"[]",SINGLE,"[(50, 50)]",SINGLE,"[(50, 50)]",SINGLE,"[(50, 50)]"
1237661967966208086,NO_PEAK,"[]",SINGLE,"[(50, 50)]",SINGLE,"[(50, 50)]",SINGLE,"[(50, 50)]"
1237661967429533869,NO_PEAK,"[]",NO_PEAK,"[]",SINGLE,"[(41, 32)]",SINGLE,"[(40, 32)]"
1237661967966405099,NO_PEAK,"[]",NO_PEAK,"[]",SINGLE,"[(30, 34)]",SINGLE,"[(31, 33)]"
1237662195062734919,NO_PEAK,"[]",SINGLE,"[(18, 48)]",SINGLE,"[(18, 49)]",SINGLE,"[(18, 50)]"
1237662195062800573,NO_PEAK,"[]",NO_PEAK,"[]",SINGLE,"[(50, 50)]",NO_PEAK,"[]"
1237661967966339161,NO_PEAK,"[]",NO_PEAK,"[]",SINGLE,"[(40, 9)]",NO_PEAK,"[]"
1237661967966404669,NO_PEAK,"[]",SINGLE,"[(50, 50)]",SINGLE,"[(50, 50)]",NO_PEAK,"[]"
1237661967966273591,SINGLE,"[(50, 49)]",SINGLE,"[(50, 50)]",SINGLE,"[(50, 50)]",SINGLE,"[(50, 50)]"
1237661967429402750,NO_PEAK,"[]",SINGLE,"[(50, 50)]",SINGLE,"[(50, 50)]",NO_PEAK,"[]"
1237661967429468351,NO_PEAK,"[]",SINGLE,"[(55, 9)]",SINGLE,"[(50, 50)]",SINGLE,"[(50, 51)]"
1237661967429468327,NO_PEAK,"[]",SINGLE,"[(50, 50)]",NO_PEAK,"[]",SINGLE,"[(50, 50)]"
1237661967429533933,NO_PEAK,"[]",SINGLE,"[(50, 50)]",SINGLE,"[(50, 50)]",SINGLE,"[(50, 50)]"
1237661871329575042,SINGLE,"[(50, 49)]",SINGLE,"[(50, 50)]",SINGLE,"[(50, 50)]",SINGLE,"[(50, 50)]"
1237662195599736952,NO_PEAK,"[]",SINGLE,"[(49, 50)]",SINGLE,"[(50, 50)]",SINGLE,"[(50, 50)]"
1237662196136607768,NO_PEAK,"[]",NO_PEAK,"[]",NO_PEAK,"[]",NO_PEAK,"[]"
1237661968503406746,NO_PEAK,"[]",SINGLE,"[(50, 50)]",SINGLE,"[(50, 50)]",SINGLE,"[(50, 50)]"
1237662196136607902,NO_PEAK,"[]",SINGLE,"[(50, 50)]",SINGLE,"[(50, 50)]",SINGLE,"[(50, 51)]"
1237661968503341149,NO_PEAK,"[]",SINGLE,"[(50, 50)]",SINGLE,"[(50, 50)]",SINGLE,"[(50, 50)]"
1237661968503406763,NO_PEAK,"[]",SINGLE,"[(36, 9)]",SINGLE,"[(35, 9)]",SINGLE,"[(35, 9)]"
1237662195599802487,NO_PEAK,"[]",SINGLE,"[(50, 50)]",SINGLE,"[(50, 50)]",SINGLE,"[(50, 50)]"
1237662195599736947,SINGLE,"[(50, 51)]",SINGLE,"[(50, 50)]",SINGLE,"[(50, 50)]",NO_PEAK,"[]"
1237661968503275625,NO_PEAK,"[]",SINGLE,"[(50, 50)]",SINGLE,"[(50, 50)]",SINGLE,"[(50, 50)]"
1237662195599671401,NO_PEAK,"[]",SINGLE,"[(51, 50)]",SINGLE,"[(51, 50)]",SINGLE,"[(48, 49)]"
1237662195599736919,NO_PEAK,"[]",SINGLE,"[(50, 50)]",SINGLE,"[(49, 50)]",SINGLE,"[(50, 50)]"
1237661967966404701,NO_PEAK,"[]",SINGLE,"[(50, 50)]",SINGLE,"[(50, 50)]",NO_PEAK,"[]"
1237661967429599301,NO_PEAK,"[]",SINGLE,"[(50, 50)]",SINGLE,"[(50, 50)]",SINGLE,"[(50, 50)]"
1237661967966405307,NO_PEAK,"[]",NO_PEAK,"[]",SINGLE,"[(51, 50)]",DOUBLE,"[(50, 50)(47, 60)]"
1237661967966470256,NO_PEAK,"[]",SINGLE,"[(50, 50)]",SINGLE,"[(34, 37)]",SINGLE,"[(33, 36)]"
1237661967429599585,NO_PEAK,"[]",NO_PEAK,"[]",SINGLE,"[(50, 50)]",SINGLE,"[(50, 51)]"
1237662195062800525,NO_PEAK,"[]",SINGLE,"[(50, 50)]",NO_PEAK,"[]",NO_PEAK,"[]"
1237661967966470252,SINGLE,"[(55, 51)]",SINGLE,"[(50, 50)]",SINGLE,"[(50, 50)]",SINGLE,"[(50, 50)]"
1237662194525929623,SINGLE,"[(50, 50)]",SINGLE,"[(50, 50)]",SINGLE,"[(50, 50)]",SINGLE,"[(50, 50)]"
1237662195062800555,NO_PEAK,"[]",NO_PEAK,"[]",SINGLE,"[(31, 38)]",SINGLE,"[(32, 37)]"
1237661967966404710,NO_PEAK,"[]",SINGLE,"[(50, 50)]",NO_PEAK,"[]",NO_PEAK,"[]"
1237662195062865980,SINGLE,"[(51, 50)]",SINGLE,"[(51, 50)]",SINGLE,"[(50, 50)]",SINGLE,"[(50, 50)]"
1237662194525929596,NO_PEAK,"[]",DOUBLE,"[(50, 50)(55, 57)]",SINGLE,"[(50, 50)]",SINGLE,"[(50, 50)]"
1237661967429534019,NO_PEAK,"[]",SINGLE,"[(50, 50)]",SINGLE,"[(50, 50)]",NO_PEAK,"[]"
1237662195062866015,NO_PEAK,"[]",NO_PEAK,"[]",SINGLE,"[(50, 50)]",SINGLE,"[(50, 50)]"
1237662195062997083,SINGLE,"[(50, 50)]",SINGLE,"[(50, 50)]",SINGLE,"[(50, 50)]",SINGLE,"[(50, 50)]"
1237662195062997108,NO_PEAK,"[]",SINGLE,"[(50, 50)]",NO_PEAK,"[]",SINGLE,"[(17, 19)]"
1237661967429599878,SINGLE,"[(95, 47)]",NO_PEAK,"[]",SINGLE,"[(50, 50)]",SINGLE,"[(50, 50)]"
1237661967966601439,NO_PEAK,"[]",SINGLE,"[(50, 50)]",SINGLE,"[(50, 50)]",SINGLE,"[(50, 50)]"
1237661967429664827,NO_PEAK,"[]",NO_PEAK,"[]",SINGLE,"[(46, 61)]",DOUBLE,"[(46, 61)(50, 50)]"
1237662195062931830,NO_PEAK,"[]",NO_PEAK,"[]",SINGLE,"[(40, 22)]",SINGLE,"[(40, 22)]"
1237662195062931966,NO_PEAK,"[]",NO_PEAK,"[]",NO_PEAK,"[]",SINGLE,"[(23, 13)]"
1237661967966535696,NO_PEAK,"[]",SINGLE,"[(50, 50)]",SINGLE,"[(50, 50)]",SINGLE,"[(51, 50)]"
1237661967966601446,NO_PEAK,"[]",SINGLE,"[(50, 50)]",SINGLE,"[(50, 50)]",SINGLE,"[(50, 50)]"
1237661967966470296,NO_PEAK,"[]",DOUBLE,"[(50, 50)(46, 65)]",DOUBLE,"[(50, 50)(46, 65)]",DOUBLE,"[(50, 50)(47, 65)]"
1237662195062866036,NO_PEAK,"[]",SINGLE,"[(50, 50)]",NO_PEAK,"[]",SINGLE,"[(42, 42)]"
1237661967429730330,SINGLE,"[(16, 41)]",SINGLE,"[(16, 41)]",SINGLE,"[(16, 40)]",SINGLE,"[(16, 40)]"
1237661967966535877,SINGLE,"[(24, 26)]",SINGLE,"[(50, 50)]",SINGLE,"[(50, 50)]",SINGLE,"[(50, 50)]"
1237662195062866100,NO_PEAK,"[]",SINGLE,"[(42, 92)]",SINGLE,"[(50, 50)]",SINGLE,"[(50, 50)]"
1237661967429599391,NO_PEAK,"[]",NO_PEAK,"[]",NO_PEAK,"[]",NO_PEAK,"[]"
1237661967429664915,NO_PEAK,"[]",SINGLE,"[(50, 50)]",NO_PEAK,"[]",SINGLE,"[(19, 42)]"
1237662195062866052,SINGLE,"[(50, 50)]",SINGLE,"[(50, 50)]",SINGLE,"[(50, 50)]",SINGLE,"[(50, 50)]"
1237661967966666875,NO_PEAK,"[]",SINGLE,"[(50, 50)]",SINGLE,"[(50, 50)]",SINGLE,"[(50, 50)]"
1237662195062997126,NO_PEAK,"[]",SINGLE,"[(50, 50)]",NO_PEAK,"[]",NO_PEAK,"[]"
1237662195062997163,NO_PEAK,"[]",SINGLE,"[(50, 50)]",SINGLE,"[(50, 50)]",SINGLE,"[(50, 50)]"
1237661967966732376,SINGLE,"[(50, 50)]",SINGLE,"[(50, 50)]",SINGLE,"[(50, 50)]",NO_PEAK,"[]"
1237661967966666931,NO_PEAK,"[]",SINGLE,"[(50, 51)]",SINGLE,"[(50, 50)]",SINGLE,"[(50, 50)]"
1237661967966666921,SINGLE,"[(51, 49)]",SINGLE,"[(50, 50)]",SINGLE,"[(50, 50)]",SINGLE,"[(50, 50)]"
1237662195063128110,NO_PEAK,"[]",NO_PEAK,"[]",SINGLE,"[(56, 40)]",DOUBLE,"[(56, 40)(49, 50)]"
1237661967429796024,NO_PEAK,"[]",SINGLE,"[(50, 50)]",NO_PEAK,"[]",NO_PEAK,"[]"
1237661967429796057,NO_PEAK,"[]",SINGLE,"[(50, 50)]",NO_PEAK,"[]",NO_PEAK,"[]"
1237662195063062646,NO_PEAK,"[]",SINGLE,"[(50, 50)]",SINGLE,"[(50, 50)]",SINGLE,"[(50, 50)]"
1237661967966601483,NO_PEAK,"[]",DOUBLE,"[(50, 51)(41, 56)]",DOUBLE,"[(50, 50)(41, 55)]",DOUBLE,"[(50, 50)(41, 55)]"
1237661967966666905,SINGLE,"[(52, 24)]",SINGLE,"[(53, 24)]",SINGLE,"[(53, 23)]",SINGLE,"[(53, 24)]"
1237661967429730410,NO_PEAK,"[]",SINGLE,"[(50, 50)]",SINGLE,"[(50, 50)]",SINGLE,"[(50, 50)]"
1237661967429796113,NO_PEAK,"[]",SINGLE,"[(50, 50)]",SINGLE,"[(50, 50)]",SINGLE,"[(50, 50)]"
1237661967966666924,NO_PEAK,"[]",NO_PEAK,"[]",SINGLE,"[(7, 17)]",SINGLE,"[(7, 17)]"
1237662195599868044,SINGLE,"[(50, 50)]",SINGLE,"[(50, 50)]",SINGLE,"[(49, 50)]",SINGLE,"[(50, 51)]"
1237662195599802473,SINGLE,"[(50, 50)]",SINGLE,"[(50, 50)]",NO_PEAK,"[]",SINGLE,"[(50, 50)]"
1237662195599868324,NO_PEAK,"[]",NO_PEAK,"[]",SINGLE,"[(49, 50)]",SINGLE,"[(29, 37)]"
1237661871329247322,SINGLE,"[(50, 50)]",SINGLE,"[(50, 50)]",SINGLE,"[(50, 50)]",SINGLE,"[(50, 50)]"
1237661968503472218,NO_PEAK,"[]",SINGLE,"[(51, 50)]",SINGLE,"[(50, 50)]",SINGLE,"[(50, 50)]"
1237661871329378402,NO_PEAK,"[]",SINGLE,"[(50, 50)]",NO_PEAK,"[]",SINGLE,"[(33, 25)]"
1237661968503406854,NO_PEAK,"[]",SINGLE,"[(49, 50)]",NO_PEAK,"[]",SINGLE,"[(5, 46)]"
1237662196136738980,NO_PEAK,"[]",SINGLE,"[(50, 51)]",SINGLE,"[(50, 50)]",SINGLE,"[(50, 50)]"
1237661871329443951,NO_PEAK,"[]",SINGLE,"[(50, 50)]",SINGLE,"[(50, 50)]",SINGLE,"[(49, 50)]"
1237662196136738998,NO_PEAK,"[]",SINGLE,"[(50, 50)]",SINGLE,"[(50, 50)]",SINGLE,"[(49, 50)]"
1237661871329378442,SINGLE,"[(50, 50)]",SINGLE,"[(50, 50)]",SINGLE,"[(50, 50)]",SINGLE,"[(50, 50)]"
1237661968503537728,NO_PEAK,"[]",DOUBLE,"[(50, 50)(48, 62)]",DOUBLE,"[(50, 51)(48, 64)]",NO_PEAK,"[]"
1237662196136739041,NO_PEAK,"[]",SINGLE,"[(50, 50)]",DOUBLE,"[(50, 50)(53, 62)]",DOUBLE,"[(50, 50)(53, 62)]"
1237661968503537797,SINGLE,"[(20, 31)]",SINGLE,"[(49, 51)]",SINGLE,"[(50, 50)]",SINGLE,"[(50, 50)]"
1237662195599868035,SINGLE,"[(50, 50)]",SINGLE,"[(49, 50)]",SINGLE,"[(50, 50)]",SINGLE,"[(50, 50)]"
1237661967429861492,NO_PEAK,"[]",SINGLE,"[(50, 50)]",SINGLE,"[(50, 50)]",SINGLE,"[(50, 50)]"
1237662195063193700,NO_PEAK,"[]",SINGLE,"[(49, 50)]",SINGLE,"[(50, 50)]",SINGLE,"[(50, 50)]"
1237661967429926986,NO_PEAK,"[]",SINGLE,"[(50, 50)]",SINGLE,"[(20, 36)]",SINGLE,"[(20, 36)]"
1237661967966732489,NO_PEAK,"[]",SINGLE,"[(50, 50)]",SINGLE,"[(50, 50)]",SINGLE,"[(50, 50)]"
1237661967966797944,SINGLE,"[(50, 50)]",SINGLE,"[(50, 50)]",SINGLE,"[(50, 50)]",SINGLE,"[(50, 50)]"
1237662195063128194,NO_PEAK,"[]",NO_PEAK,"[]",SINGLE,"[(50, 50)]",SINGLE,"[(50, 50)]"
1237662195063193708,NO_PEAK,"[]",DOUBLE,"[(50, 49)(43, 39)]",SINGLE,"[(50, 50)]",SINGLE,"[(50, 50)]"
1237662195063193666,SINGLE,"[(50, 50)]",NO_PEAK,"[]",NO_PEAK,"[]",SINGLE,"[(50, 50)]"
1237662195063193697,NO_PEAK,"[]",SINGLE,"[(50, 50)]",NO_PEAK,"[]",NO_PEAK,"[]"
1237662195063193706,NO_PEAK,"[]",SINGLE,"[(50, 50)]",SINGLE,"[(50, 50)]",SINGLE,"[(50, 50)]"
1237662195063193749,NO_PEAK,"[]",SINGLE,"[(50, 50)]",SINGLE,"[(50, 50)]",SINGLE,"[(50, 50)]"
1237662195599999159,NO_PEAK,"[]",SINGLE,"[(50, 50)]",NO_PEAK,"[]",SINGLE,"[(23, 32)]"
1237661967429861456,NO_PEAK,"[]",SINGLE,"[(50, 50)]",SINGLE,"[(50, 50)]",SINGLE,"[(50, 50)]"
1237662194526322786,NO_PEAK,"[]",SINGLE,"[(50, 50)]",NO_PEAK,"[]",NO_PEAK,"[]"
1237661967966732517,NO_PEAK,"[]",SINGLE,"[(50, 50)]",SINGLE,"[(50, 50)]",SINGLE,"[(50, 51)]"
1237661967429927007,NO_PEAK,"[]",SINGLE,"[(50, 50)]",SINGLE,"[(50, 50)]",NO_PEAK,"[]"
1237661967429927128,NO_PEAK,"[]",SINGLE,"[(51, 51)]",SINGLE,"[(50, 50)]",SINGLE,"[(37, 40)]"
1237662196136869914,NO_PEAK,"[]",SINGLE,"[(50, 50)]",SINGLE,"[(50, 50)]",SINGLE,"[(50, 50)]"
1237662195599999100,NO_PEAK,"[]",SINGLE,"[(50, 50)]",SINGLE,"[(50, 50)]",SINGLE,"[(50, 50)]"
1237661968503603275,NO_PEAK,"[]",SINGLE,"[(49, 50)]",SINGLE,"[(50, 49)]",SINGLE,"[(50, 50)]"
1237662195599999126,NO_PEAK,"[]",DOUBLE,"[(42, 49)(50, 51)]",DOUBLE,"[(50, 50)(43, 49)]",DOUBLE,"[(50, 50)(43, 49)]"
1237661968503603278,NO_PEAK,"[]",SINGLE,"[(50, 50)]",SINGLE,"[(50, 50)]",SINGLE,"[(50, 49)]"
1237661871329575022,NO_PEAK,"[]",SINGLE,"[(50, 50)]",SINGLE,"[(50, 50)]",SINGLE,"[(49, 50)]"
1237662195599999033,NO_PEAK,"[]",SINGLE,"[(49, 50)]",NO_PEAK,"[]",NO_PEAK,"[]"
1237662195599999105,NO_PEAK,"[]",SINGLE,"[(50, 50)]",SINGLE,"[(50, 50)]",SINGLE,"[(50, 50)]"
1237661968503603265,NO_PEAK,"[]",SINGLE,"[(50, 51)]",SINGLE,"[(50, 50)]",SINGLE,"[(50, 50)]"
1237662195599999175,NO_PEAK,"[]",SINGLE,"[(48, 54)]",DOUBLE,"[(50, 50)(47, 56)]",NO_PEAK,"[]"
1237662195599999143,NO_PEAK,"[]",SINGLE,"[(50, 50)]",SINGLE,"[(50, 50)]",NO_PEAK,"[]"
1237662195599999119,NO_PEAK,"[]",SINGLE,"[(50, 49)]",SINGLE,"[(50, 50)]",SINGLE,"[(50, 50)]"
1237661968503603283,NO_PEAK,"[]",NO_PEAK,"[]",NO_PEAK,"[]",SINGLE,"[(7, 5)]"
1237662195600064635,SINGLE,"[(50, 50)]",SINGLE,"[(50, 50)]",SINGLE,"[(50, 50)]",NO_PEAK,"[]"
1237661871329575025,SINGLE,"[(50, 50)]",SINGLE,"[(50, 50)]",SINGLE,"[(50, 50)]",SINGLE,"[(50, 50)]"
1237661871329575006,SINGLE,"[(49, 51)]",SINGLE,"[(49, 50)]",SINGLE,"[(50, 49)]",SINGLE,"[(50, 50)]"
1237661967966929130,NO_PEAK,"[]",SINGLE,"[(50, 50)]",SINGLE,"[(50, 51)]",SINGLE,"[(50, 50)]"
1237661967966863462,NO_PEAK,"[]",SINGLE,"[(50, 50)]",NO_PEAK,"[]",NO_PEAK,"[]"
1237662195063390275,NO_PEAK,"[]",SINGLE,"[(50, 51)]",SINGLE,"[(50, 50)]",SINGLE,"[(50, 51)]"
1237661967429992536,NO_PEAK,"[]",SINGLE,"[(50, 50)]",SINGLE,"[(50, 50)]",SINGLE,"[(50, 50)]"
1237661967966994484,NO_PEAK,"[]",DOUBLE,"[(57, 50)(49, 50)]",DOUBLE,"[(50, 50)(58, 50)]",DOUBLE,"[(49, 51)(57, 50)]"
1237661967966929150,NO_PEAK,"[]",SINGLE,"[(50, 50)]",DOUBLE,"[(50, 49)(49, 42)]",NO_PEAK,"[]"
1237661967429927030,NO_PEAK,"[]",SINGLE,"[(50, 50)]",SINGLE,"[(50, 50)]",SINGLE,"[(50, 50)]"
1237662195063259246,SINGLE,"[(22, 31)]",SINGLE,"[(50, 50)]",SINGLE,"[(50, 50)]",DOUBLE,"[(50, 50)(62, 39)]"
1237661967966929015,NO_PEAK,"[]",SINGLE,"[(18, 63)]",NO_PEAK,"[]",SINGLE,"[(31, 15)]"
1237661967429992501,NO_PEAK,"[]",SINGLE,"[(50, 50)]",SINGLE,"[(50, 50)]",SINGLE,"[(50, 50)]"
1237661967430058180,NO_PEAK,"[]",SINGLE,"[(50, 49)]",SINGLE,"[(50, 50)]",SINGLE,"[(50, 50)]"
1237661967430058120,NO_PEAK,"[]",SINGLE,"[(50, 50)]",SINGLE,"[(50, 50)]",SINGLE,"[(50, 51)]"
1237662195063259284,NO_PEAK,"[]",SINGLE,"[(50, 50)]",SINGLE,"[(50, 50)]",SINGLE,"[(50, 50)]"
1237661968503734370,NO_PEAK,"[]",SINGLE,"[(50, 50)]",SINGLE,"[(50, 50)]",SINGLE,"[(50, 50)]"
1237661968503734413,NO_PEAK,"[]",DOUBLE,"[(50, 50)(39, 40)]",NO_PEAK,"[]",NO_PEAK,"[]"
1237661871329640526,SINGLE,"[(13, 23)]",SINGLE,"[(13, 23)]",SINGLE,"[(14, 23)]",SINGLE,"[(13, 23)]"
1237662196137001005,NO_PEAK,"[]",SINGLE,"[(50, 50)]",SINGLE,"[(50, 50)]",SINGLE,"[(50, 50)]"
1237662196137001043,NO_PEAK,"[]",SINGLE,"[(50, 49)]",SINGLE,"[(50, 50)]",SINGLE,"[(50, 49)]"
1237662196136935567,NO_PEAK,"[]",SINGLE,"[(50, 50)]",SINGLE,"[(50, 49)]",NO_PEAK,"[]"
1237661968503734401,NO_PEAK,"[]",SINGLE,"[(50, 50)]",SINGLE,"[(50, 50)]",SINGLE,"[(50, 50)]"
1237662196136935442,SINGLE,"[(50, 50)]",SINGLE,"[(49, 50)]",SINGLE,"[(50, 50)]",SINGLE,"[(50, 50)]"
1237661968503734339,NO_PEAK,"[]",SINGLE,"[(50, 51)]",SINGLE,"[(50, 50)]",NO_PEAK,"[]"
1237662195600064657,NO_PEAK,"[]",SINGLE,"[(50, 50)]",SINGLE,"[(49, 50)]",NO_PEAK,"[]"
1237662195600064681,NO_PEAK,"[]",NO_PEAK,"[]",SINGLE,"[(22, 43)]",SINGLE,"[(22, 43)]"
1237661968503668875,NO_PEAK,"[]",SINGLE,"[(50, 50)]",DOUBLE,"[(50, 50)(61, 37)]",DOUBLE,"[(50, 50)(61, 37)]"
1237662195600064694,NO_PEAK,"[]",SINGLE,"[(50, 50)]",SINGLE,"[(50, 50)]",SINGLE,"[(51, 50)]"
1237661968503799886,NO_PEAK,"[]",SINGLE,"[(50, 50)]",SINGLE,"[(50, 50)]",NO_PEAK,"[]"
1237662195600064729,SINGLE,"[(51, 48)]",SINGLE,"[(49, 50)]",SINGLE,"[(50, 50)]",SINGLE,"[(50, 50)]"
1237661968503668822,DOUBLE,"[(47, 50)(56, 52)]",SINGLE,"[(49, 50)]",SINGLE,"[(50, 50)]",SINGLE,"[(50, 50)]"
1237661968503734426,NO_PEAK,"[]",SINGLE,"[(50, 50)]",SINGLE,"[(50, 50)]",SINGLE,"[(50, 50)]"
1237661967966863380,SINGLE,"[(50, 51)]",SINGLE,"[(50, 50)]",SINGLE,"[(50, 50)]",SINGLE,"[(50, 50)]"
1237661967430123645,NO_PEAK,"[]",SINGLE,"[(50, 50)]",SINGLE,"[(50, 50)]",SINGLE,"[(50, 50)]"
1237661967430123701,NO_PEAK,"[]",NO_PEAK,"[]",SINGLE,"[(12, 8)]",SINGLE,"[(11, 8)]"
1237661967430320290,NO_PEAK,"[]",NO_PEAK,"[]",NO_PEAK,"[]",NO_PEAK,"[]"
1237662195063455777,DOUBLE,"[(49, 50)(59, 49)]",DOUBLE,"[(50, 50)(59, 48)]",DOUBLE,"[(50, 50)(59, 48)]",DOUBLE,"[(50, 50)(38, 52)]"
1237661967430189180,SINGLE,"[(29, 26)]",SINGLE,"[(50, 50)]",SINGLE,"[(50, 50)]",NO_PEAK,"[]"
1237662194526716006,NO_PEAK,"[]",SINGLE,"[(50, 50)]",SINGLE,"[(50, 50)]",SINGLE,"[(50, 50)]"
1237661967430189218,NO_PEAK,"[]",NO_PEAK,"[]",SINGLE,"[(50, 50)]",SINGLE,"[(50, 50)]"
1237662194526584911,SINGLE,"[(50, 50)]",SINGLE,"[(50, 50)]",SINGLE,"[(50, 50)]",SINGLE,"[(50, 50)]"
1237661967430123689,NO_PEAK,"[]",NO_PEAK,"[]",SINGLE,"[(50, 51)]",NO_PEAK,"[]"
1237661967430189195,NO_PEAK,"[]",SINGLE,"[(50, 50)]",SINGLE,"[(50, 51)]",NO_PEAK,"[]"
1237662194526650501,SINGLE,"[(50, 50)]",SINGLE,"[(50, 50)]",SINGLE,"[(50, 50)]",SINGLE,"[(50, 50)]"
1237662195063455973,NO_PEAK,"[]",NO_PEAK,"[]",NO_PEAK,"[]",NO_PEAK,"[]"
1237661968503865440,NO_PEAK,"[]",SINGLE,"[(50, 50)]",SINGLE,"[(50, 50)]",DOUBLE,"[(72, 59)(50, 49)]"
1237662196137066600,NO_PEAK,"[]",NO_PEAK,"[]",SINGLE,"[(20, 35)]",SINGLE,"[(20, 35)]"
1237662196137066524,SINGLE,"[(50, 50)]",SINGLE,"[(50, 50)]",SINGLE,"[(50, 50)]",SINGLE,"[(50, 50)]"
1237662195600261221,NO_PEAK,"[]",NO_PEAK,"[]",SINGLE,"[(36, 29)]",SINGLE,"[(36, 29)]"
1237661968503799952,NO_PEAK,"[]",SINGLE,"[(50, 50)]",SINGLE,"[(50, 50)]",SINGLE,"[(50, 50)]"
1237661968503865463,NO_PEAK,"[]",SINGLE,"[(51, 50)]",SINGLE,"[(50, 50)]",NO_PEAK,"[]"
1237661968503865484,NO_PEAK,"[]",SINGLE,"[(50, 50)]",SINGLE,"[(50, 50)]",SINGLE,"[(50, 50)]"
1237662195600326840,NO_PEAK,"[]",SINGLE,"[(50, 50)]",SINGLE,"[(11, 14)]",SINGLE,"[(11, 14)]"
1237662196137066610,NO_PEAK,"[]",NO_PEAK,"[]",SINGLE,"[(36, 43)]",SINGLE,"[(36, 44)]"
1237662195600261208,SINGLE,"[(50, 50)]",SINGLE,"[(49, 50)]",SINGLE,"[(50, 50)]",SINGLE,"[(50, 50)]"
1237661968503799964,NO_PEAK,"[]",SINGLE,"[(17, 12)]",SINGLE,"[(17, 12)]",SINGLE,"[(17, 12)]"
1237661968503799900,NO_PEAK,"[]",SINGLE,"[(50, 50)]",SINGLE,"[(50, 50)]",SINGLE,"[(50, 50)]"
1237661967967060058,NO_PEAK,"[]",SINGLE,"[(50, 50)]",SINGLE,"[(49, 50)]",SINGLE,"[(50, 50)]"
1237661968503865502,NO_PEAK,"[]",NO_PEAK,"[]",SINGLE,"[(47, 33)]",SINGLE,"[(47, 34)]"
1237662195600195825,NO_PEAK,"[]",SINGLE,"[(50, 50)]",DOUBLE,"[(50, 50)(59, 51)]",DOUBLE,"[(50, 50)(59, 51)]"
1237661968503865456,NO_PEAK,"[]",SINGLE,"[(50, 50)]",SINGLE,"[(50, 50)]",DOUBLE,"[(50, 50)(67, 31)]"
1237662195600326806,DOUBLE,"[(48, 52)(51, 34)]",DOUBLE,"[(50, 50)(51, 35)]",DOUBLE,"[(49, 50)(50, 35)]",DOUBLE,"[(50, 50)(51, 35)]"
1237661433234915722,NO_PEAK,"[]",NO_PEAK,"[]",NO_PEAK,"[]",SINGLE,"[(17, 39)]"
1237661433234784394,NO_PEAK,"[]",SINGLE,"[(49, 49)]",SINGLE,"[(51, 50)]",SINGLE,"[(50, 50)]"
1237661433234849936,SINGLE,"[(50, 50)]",SINGLE,"[(50, 50)]",NO_PEAK,"[]",NO_PEAK,"[]"
1237661433234915390,SINGLE,"[(50, 50)]",SINGLE,"[(50, 50)]",SINGLE,"[(50, 50)]",SINGLE,"[(50, 50)]"
1237661434849722562,SINGLE,"[(50, 49)]",SINGLE,"[(50, 50)]",SINGLE,"[(50, 50)]",SINGLE,"[(50, 50)]"
1237661434849919174,NO_PEAK,"[]",SINGLE,"[(51, 50)]",NO_PEAK,"[]",NO_PEAK,"[]"
1237661435923726381,NO_PEAK,"[]",NO_PEAK,"[]",NO_PEAK,"[]",NO_PEAK,"[]"
1237661362908037138,NO_PEAK,"[]",NO_PEAK,"[]",SINGLE,"[(50, 50)]",SINGLE,"[(50, 50)]"
1237661362908168312,NO_PEAK,"[]",NO_PEAK,"[]",SINGLE,"[(50, 50)]",NO_PEAK,"[]"
1237661435923595392,NO_PEAK,"[]",SINGLE,"[(50, 51)]",SINGLE,"[(50, 50)]",NO_PEAK,"[]"
1237661435923660922,NO_PEAK,"[]",SINGLE,"[(50, 50)]",NO_PEAK,"[]",NO_PEAK,"[]"
1237661362908168282,NO_PEAK,"[]",SINGLE,"[(50, 50)]",SINGLE,"[(50, 50)]",SINGLE,"[(50, 50)]"
1237661435923726579,NO_PEAK,"[]",NO_PEAK,"[]",NO_PEAK,"[]",NO_PEAK,"[]"
1237661362908102746,NO_PEAK,"[]",SINGLE,"[(50, 50)]",DOUBLE,"[(46, 62)(50, 50)]",NO_PEAK,"[]"
1237661362908168383,NO_PEAK,"[]",SINGLE,"[(50, 50)]",SINGLE,"[(50, 50)]",SINGLE,"[(50, 50)]"
1237661435923726607,NO_PEAK,"[]",SINGLE,"[(50, 50)]",SINGLE,"[(50, 50)]",NO_PEAK,"[]"
1237661362908168387,NO_PEAK,"[]",SINGLE,"[(50, 50)]",DOUBLE,"[(50, 50)(56, 54)]",NO_PEAK,"[]"
1237661435923660931,NO_PEAK,"[]",SINGLE,"[(50, 50)]",SINGLE,"[(50, 50)]",NO_PEAK,"[]"
1237661362908102844,SINGLE,"[(99, 42)]",SINGLE,"[(50, 50)]",SINGLE,"[(50, 50)]",NO_PEAK,"[]"
1237661362908037604,SINGLE,"[(96, 2)]",NO_PEAK,"[]",SINGLE,"[(51, 50)]",SINGLE,"[(50, 50)]"
1237661362371297393,NO_PEAK,"[]",SINGLE,"[(49, 50)]",SINGLE,"[(50, 50)]",SINGLE,"[(50, 50)]"
1237661362371362955,NO_PEAK,"[]",SINGLE,"[(49, 50)]",SINGLE,"[(50, 50)]",SINGLE,"[(50, 50)]"
1237661362908168366,NO_PEAK,"[]",SINGLE,"[(50, 50)]",SINGLE,"[(49, 49)]",SINGLE,"[(51, 50)]"
1237661435386855554,NO_PEAK,"[]",SINGLE,"[(50, 50)]",SINGLE,"[(50, 50)]",SINGLE,"[(50, 50)]"
1237661435386921114,NO_PEAK,"[]",NO_PEAK,"[]",SINGLE,"[(50, 50)]",SINGLE,"[(50, 50)]"
1237661435386790151,NO_PEAK,"[]",SINGLE,"[(50, 50)]",NO_PEAK,"[]",SINGLE,"[(36, 45)]"
1237661434849919149,NO_PEAK,"[]",SINGLE,"[(50, 50)]",SINGLE,"[(50, 49)]",SINGLE,"[(50, 50)]"
1237661361834360980,NO_PEAK,"[]",SINGLE,"[(50, 50)]",SINGLE,"[(50, 51)]",SINGLE,"[(50, 49)]"
1237661435386724512,NO_PEAK,"[]",SINGLE,"[(50, 50)]",SINGLE,"[(50, 50)]",SINGLE,"[(50, 50)]"
1237661434850115712,SINGLE,"[(52, 56)]",DOUBLE,"[(52, 55)(50, 50)]",DOUBLE,"[(50, 50)(52, 56)]",SINGLE,"[(50, 49)]"
1237661361834361001,NO_PEAK,"[]",SINGLE,"[(50, 50)]",SINGLE,"[(50, 50)]",SINGLE,"[(50, 50)]"
1237662305111179451,NO_PEAK,"[]",SINGLE,"[(49, 50)]",SINGLE,"[(50, 50)]",SINGLE,"[(49, 50)]"
1237662193458282612,SINGLE,"[(50, 49)]",SINGLE,"[(50, 50)]",NO_PEAK,"[]",SINGLE,"[(6, 6)]"
1237662305111179478,NO_PEAK,"[]",SINGLE,"[(50, 50)]",NO_PEAK,"[]",NO_PEAK,"[]"
1237662193458348117,SINGLE,"[(51, 51)]",SINGLE,"[(50, 50)]",SINGLE,"[(50, 50)]",SINGLE,"[(51, 50)]"
1237662193458413597,SINGLE,"[(49, 51)]",DOUBLE,"[(55, 72)(50, 50)]",DOUBLE,"[(55, 72)(50, 50)]",NO_PEAK,"[]"
1237662305111179490,SINGLE,"[(49, 50)]",SINGLE,"[(50, 50)]",NO_PEAK,"[]",SINGLE,"[(15, 24)]"
1237662305111244922,DOUBLE,"[(55, 52)(50, 50)]",SINGLE,"[(50, 50)]",SINGLE,"[(50, 50)]",SINGLE,"[(50, 50)]"
1237662193458217201,SINGLE,"[(51, 49)]",SINGLE,"[(50, 50)]",SINGLE,"[(50, 50)]",SINGLE,"[(50, 50)]"
1237662193458282660,NO_PEAK,"[]",SINGLE,"[(50, 50)]",SINGLE,"[(50, 50)]",NO_PEAK,"[]"
1237662193458217195,NO_PEAK,"[]",DOUBLE,"[(50, 51)(59, 45)]",DOUBLE,"[(50, 50)(59, 45)]",DOUBLE,"[(50, 51)(60, 45)]"
1237662305648181323,SINGLE,"[(50, 50)]",SINGLE,"[(50, 50)]",SINGLE,"[(50, 50)]",SINGLE,"[(50, 50)]"
1237662193995088006,NO_PEAK,"[]",SINGLE,"[(50, 50)]",SINGLE,"[(50, 49)]",SINGLE,"[(50, 50)]"
1237662305648050328,NO_PEAK,"[]",DOUBLE,"[(60, 49)(50, 50)]",DOUBLE,"[(60, 48)(50, 50)]",DOUBLE,"[(60, 49)(50, 50)]"
1237662193995219064,NO_PEAK,"[]",SINGLE,"[(50, 50)]",SINGLE,"[(49, 50)]",SINGLE,"[(50, 50)]"
1237662305648247369,NO_PEAK,"[]",NO_PEAK,"[]",SINGLE,"[(50, 50)]",SINGLE,"[(50, 50)]"
1237662193458348066,NO_PEAK,"[]",SINGLE,"[(50, 50)]",SINGLE,"[(50, 50)]",DOUBLE,"[(50, 50)(62, 55)]"
1237662193995088042,NO_PEAK,"[]",SINGLE,"[(50, 50)]",SINGLE,"[(50, 50)]",NO_PEAK,"[]"
1237662306185052313,NO_PEAK,"[]",SINGLE,"[(50, 50)]",NO_PEAK,"[]",NO_PEAK,"[]"
1237662194532155407,NO_PEAK,"[]",NO_PEAK,"[]",NO_PEAK,"[]",SINGLE,"[(71, 63)]"
1237662306185052393,NO_PEAK,"[]",SINGLE,"[(50, 50)]",SINGLE,"[(50, 50)]",SINGLE,"[(50, 50)]"
1237662194532024387,NO_PEAK,"[]",SINGLE,"[(50, 50)]",SINGLE,"[(50, 50)]",SINGLE,"[(50, 50)]"
1237662306185052175,NO_PEAK,"[]",NO_PEAK,"[]",NO_PEAK,"[]",NO_PEAK,"[]"
1237662306185117847,DOUBLE,"[(49, 51)(48, 65)]",SINGLE,"[(50, 50)]",SINGLE,"[(50, 50)]",SINGLE,"[(51, 49)]"
1237661967435628641,NO_PEAK,"[]",SINGLE,"[(50, 50)]",SINGLE,"[(50, 50)]",SINGLE,"[(50, 50)]"
1237662306721923207,NO_PEAK,"[]",DOUBLE,"[(50, 50)(51, 72)]",DOUBLE,"[(50, 50)(46, 62)]",DOUBLE,"[(50, 50)(45, 61)]"
1237661967435563125,NO_PEAK,"[]",SINGLE,"[(49, 50)]",SINGLE,"[(50, 50)]",SINGLE,"[(50, 50)]"
1237661967435563183,NO_PEAK,"[]",SINGLE,"[(50, 50)]",NO_PEAK,"[]",SINGLE,"[(34, 1)]"
1237662306721857594,NO_PEAK,"[]",SINGLE,"[(50, 50)]",SINGLE,"[(50, 50)]",SINGLE,"[(51, 50)]"
1237661967435563097,NO_PEAK,"[]",SINGLE,"[(50, 51)]",SINGLE,"[(50, 50)]",SINGLE,"[(50, 50)]"
1237662306721923238,NO_PEAK,"[]",SINGLE,"[(50, 50)]",DOUBLE,"[(60, 40)(51, 50)]",DOUBLE,"[(60, 40)(50, 50)]"
1237661966361821399,NO_PEAK,"[]",SINGLE,"[(51, 48)]",SINGLE,"[(50, 50)]",NO_PEAK,"[]"
1237661966361755842,NO_PEAK,"[]",SINGLE,"[(43, 25)]",SINGLE,"[(43, 25)]",SINGLE,"[(43, 25)]"
1237662193458151578,NO_PEAK,"[]",SINGLE,"[(50, 50)]",SINGLE,"[(50, 50)]",SINGLE,"[(51, 51)]"
1237661966361821417,NO_PEAK,"[]",SINGLE,"[(50, 50)]",SINGLE,"[(50, 50)]",NO_PEAK,"[]"
1237662193458151587,NO_PEAK,"[]",SINGLE,"[(50, 50)]",SINGLE,"[(50, 50)]",NO_PEAK,"[]"
1237664296369586329,SINGLE,"[(50, 51)]",SINGLE,"[(49, 50)]",SINGLE,"[(50, 50)]",NO_PEAK,"[]"
1237662193995087981,NO_PEAK,"[]",SINGLE,"[(50, 50)]",SINGLE,"[(51, 50)]",NO_PEAK,"[]"
1237662193458151568,NO_PEAK,"[]",SINGLE,"[(50, 50)]",SINGLE,"[(50, 50)]",SINGLE,"[(50, 50)]"
1237661966361821403,NO_PEAK,"[]",SINGLE,"[(50, 50)]",SINGLE,"[(50, 50)]",SINGLE,"[(50, 50)]"
1237661966361821257,NO_PEAK,"[]",NO_PEAK,"[]",NO_PEAK,"[]",DOUBLE,"[(1, 13)(1, 28)]"
1237662305111179276,SINGLE,"[(50, 49)]",SINGLE,"[(49, 49)]",SINGLE,"[(50, 50)]",SINGLE,"[(50, 50)]"
1237661966361755703,DOUBLE,"[(51, 51)(72, 4)]",SINGLE,"[(50, 50)]",SINGLE,"[(50, 50)]",SINGLE,"[(50, 50)]"
1237661966361821456,DOUBLE,"[(25, 26)(19, 26)]",SINGLE,"[(50, 50)]",SINGLE,"[(49, 50)]",SINGLE,"[(50, 51)]"
1237661966361755812,NO_PEAK,"[]",NO_PEAK,"[]",NO_PEAK,"[]",NO_PEAK,"[]"
1237661965824950622,NO_PEAK,"[]",NO_PEAK,"[]",SINGLE,"[(15, 40)]",NO_PEAK,"[]"
1237662193995087972,NO_PEAK,"[]",SINGLE,"[(50, 50)]",NO_PEAK,"[]",NO_PEAK,"[]"
1237662193995022725,NO_PEAK,"[]",NO_PEAK,"[]",NO_PEAK,"[]",SINGLE,"[(52, 31)]"
1237661966898692407,SINGLE,"[(63, 54)]",NO_PEAK,"[]",SINGLE,"[(50, 50)]",DOUBLE,"[(50, 51)(44, 48)]"
1237662194531893347,NO_PEAK,"[]",SINGLE,"[(50, 51)]",SINGLE,"[(50, 50)]",SINGLE,"[(50, 50)]"
1237662194531958882,SINGLE,"[(89, 42)]",SINGLE,"[(50, 50)]",SINGLE,"[(50, 50)]",SINGLE,"[(50, 50)]"
1237661966898626758,NO_PEAK,"[]",NO_PEAK,"[]",SINGLE,"[(21, 31)]",SINGLE,"[(21, 30)]"
1237661966898692147,NO_PEAK,"[]",SINGLE,"[(50, 50)]",SINGLE,"[(34, 2)]",SINGLE,"[(34, 1)]"
1237661966898692142,NO_PEAK,"[]",SINGLE,"[(51, 50)]",SINGLE,"[(50, 50)]",SINGLE,"[(50, 50)]"
1237662194531958911,NO_PEAK,"[]",NO_PEAK,"[]",SINGLE,"[(50, 50)]",SINGLE,"[(50, 50)]"
1237662194531893330,NO_PEAK,"[]",SINGLE,"[(50, 50)]",SINGLE,"[(50, 50)]",SINGLE,"[(50, 50)]"
1237662194531893370,NO_PEAK,"[]",SINGLE,"[(50, 50)]",SINGLE,"[(50, 50)]",SINGLE,"[(50, 50)]"
1237661967435497565,NO_PEAK,"[]",SINGLE,"[(49, 50)]",SINGLE,"[(50, 50)]",SINGLE,"[(50, 50)]"
1237661967435432102,NO_PEAK,"[]",NO_PEAK,"[]",SINGLE,"[(50, 50)]",NO_PEAK,"[]"
1237661967435563073,SINGLE,"[(31, 22)]",DOUBLE,"[(50, 50)(54, 42)]",DOUBLE,"[(50, 50)(54, 42)]",DOUBLE,"[(51, 50)(54, 42)]"
1237664296369389702,NO_PEAK,"[]",SINGLE,"[(50, 50)]",DOUBLE,"[(50, 50)(53, 67)]",DOUBLE,"[(50, 50)(53, 67)]"
1237662193458086010,NO_PEAK,"[]",NO_PEAK,"[]",DOUBLE,"[(50, 50)(46, 35)]",DOUBLE,"[(50, 50)(46, 35)]"
1237661965824884781,SINGLE,"[(22, 21)]",SINGLE,"[(22, 21)]",SINGLE,"[(21, 21)]",SINGLE,"[(22, 21)]"
1237661965824819321,NO_PEAK,"[]",SINGLE,"[(50, 50)]",SINGLE,"[(50, 50)]",SINGLE,"[(50, 50)]"
1237661965824753762,DOUBLE,"[(50, 50)(39, 53)]",DOUBLE,"[(50, 49)(72, 50)]",SINGLE,"[(50, 50)]",DOUBLE,"[(50, 50)(71, 51)]"
1237661965824884817,NO_PEAK,"[]",DOUBLE,"[(50, 50)(54, 52)]",SINGLE,"[(49, 49)]",SINGLE,"[(49, 49)]"
1237661965824819221,NO_PEAK,"[]",NO_PEAK,"[]",NO_PEAK,"[]",NO_PEAK,"[]"
1237664296369324167,NO_PEAK,"[]",SINGLE,"[(51, 49)]",SINGLE,"[(51, 50)]",SINGLE,"[(50, 50)]"
1237662193457954961,NO_PEAK,"[]",SINGLE,"[(50, 50)]",SINGLE,"[(50, 50)]",SINGLE,"[(50, 50)]"
1237662193458020797,SINGLE,"[(12, 99)]",NO_PEAK,"[]",NO_PEAK,"[]",SINGLE,"[(37, 46)]"
1237661966361690206,NO_PEAK,"[]",SINGLE,"[(50, 50)]",SINGLE,"[(50, 50)]",SINGLE,"[(50, 50)]"
1237662193458086005,NO_PEAK,"[]",SINGLE,"[(49, 51)]",SINGLE,"[(50, 50)]",SINGLE,"[(50, 50)]"
1237661966361624654,NO_PEAK,"[]",SINGLE,"[(51, 51)]",SINGLE,"[(50, 51)]",SINGLE,"[(50, 50)]"
1237661966361624679,NO_PEAK,"[]",SINGLE,"[(50, 50)]",SINGLE,"[(50, 50)]",SINGLE,"[(50, 51)]"
1237662193458151713,NO_PEAK,"[]",DOUBLE,"[(50, 50)(51, 55)]",SINGLE,"[(50, 50)]",SINGLE,"[(50, 50)]"
1237662193457954848,SINGLE,"[(1, 29)]",SINGLE,"[(1, 28)]",SINGLE,"[(1, 28)]",SINGLE,"[(1, 28)]"
1237661966361690218,NO_PEAK,"[]",SINGLE,"[(49, 52)]",SINGLE,"[(50, 50)]",NO_PEAK,"[]"
1237662194531827849,NO_PEAK,"[]",SINGLE,"[(50, 50)]",SINGLE,"[(50, 50)]",DOUBLE,"[(49, 73)(50, 50)]"
1237662194531827868,SINGLE,"[(48, 50)]",SINGLE,"[(50, 51)]",SINGLE,"[(50, 50)]",SINGLE,"[(4, 45)]"
1237662193994956916,NO_PEAK,"[]",SINGLE,"[(50, 50)]",SINGLE,"[(13, 34)]",SINGLE,"[(12, 33)]"
1237662193995022445,SINGLE,"[(50, 50)]",SINGLE,"[(49, 50)]",SINGLE,"[(49, 49)]",SINGLE,"[(7, 16)]"
1237662194531827857,NO_PEAK,"[]",SINGLE,"[(50, 50)]",SINGLE,"[(50, 50)]",SINGLE,"[(50, 50)]"
1237662193994956879,NO_PEAK,"[]",SINGLE,"[(50, 50)]",SINGLE,"[(50, 50)]",SINGLE,"[(50, 50)]"
1237661967435366527,NO_PEAK,"[]",SINGLE,"[(1, 37)]",SINGLE,"[(1, 37)]",SINGLE,"[(1, 37)]"
1237662194531827823,NO_PEAK,"[]",SINGLE,"[(50, 50)]",SINGLE,"[(50, 50)]",SINGLE,"[(50, 50)]"
1237661967435431993,NO_PEAK,"[]",SINGLE,"[(50, 50)]",SINGLE,"[(50, 50)]",SINGLE,"[(50, 50)]"
1237661967435366447,NO_PEAK,"[]",SINGLE,"[(50, 50)]",SINGLE,"[(50, 50)]",SINGLE,"[(50, 50)]"
1237661967435432064,NO_PEAK,"[]",SINGLE,"[(50, 50)]",SINGLE,"[(15, 46)]",SINGLE,"[(15, 46)]"
1237661967435235394,NO_PEAK,"[]",SINGLE,"[(50, 50)]",NO_PEAK,"[]",SINGLE,"[(50, 51)]"
1237661966361493560,NO_PEAK,"[]",SINGLE,"[(51, 50)]",SINGLE,"[(50, 50)]",SINGLE,"[(50, 50)]"
1237662193457954892,NO_PEAK,"[]",SINGLE,"[(50, 50)]",SINGLE,"[(50, 50)]",SINGLE,"[(50, 50)]"
1237661965824688253,SINGLE,"[(50, 50)]",SINGLE,"[(50, 49)]",SINGLE,"[(50, 50)]",SINGLE,"[(51, 50)]"
1237662193457889374,NO_PEAK,"[]",NO_PEAK,"[]",SINGLE,"[(50, 50)]",DOUBLE,"[(50, 50)(68, 56)]"
1237661965824688261,NO_PEAK,"[]",SINGLE,"[(50, 50)]",SINGLE,"[(50, 50)]",SINGLE,"[(50, 50)]"
1237662193457889579,NO_PEAK,"[]",NO_PEAK,"[]",SINGLE,"[(50, 50)]",SINGLE,"[(50, 50)]"
1237662193457889385,NO_PEAK,"[]",SINGLE,"[(50, 50)]",SINGLE,"[(50, 51)]",NO_PEAK,"[]"
1237662193457954925,SINGLE,"[(50, 49)]",SINGLE,"[(50, 50)]",SINGLE,"[(50, 50)]",SINGLE,"[(50, 50)]"
1237662193457954897,NO_PEAK,"[]",SINGLE,"[(50, 50)]",SINGLE,"[(50, 50)]",SINGLE,"[(50, 50)]"
1237661965824622685,NO_PEAK,"[]",DOUBLE,"[(77, 24)(77, 34)]",DOUBLE,"[(76, 24)(77, 35)]",DOUBLE,"[(77, 35)(76, 24)]"
1237662193457954912,NO_PEAK,"[]",SINGLE,"[(50, 50)]",SINGLE,"[(50, 50)]",SINGLE,"[(50, 50)]"
1237661965824753738,SINGLE,"[(50, 50)]",SINGLE,"[(50, 50)]",NO_PEAK,"[]",NO_PEAK,"[]"
1237661966361493603,NO_PEAK,"[]",SINGLE,"[(50, 49)]",SINGLE,"[(50, 50)]",SINGLE,"[(50, 50)]"
1237662193457823853,NO_PEAK,"[]",SINGLE,"[(49, 50)]",SINGLE,"[(50, 50)]",SINGLE,"[(49, 50)]"
1237662194531631190,NO_PEAK,"[]",DOUBLE,"[(33, 73)(54, 44)]",DOUBLE,"[(50, 50)(32, 73)]",DOUBLE,"[(50, 50)(42, 61)]"
1237662193994760283,NO_PEAK,"[]",SINGLE,"[(50, 51)]",SINGLE,"[(50, 50)]",SINGLE,"[(50, 50)]"
1237661966898364624,NO_PEAK,"[]",NO_PEAK,"[]",SINGLE,"[(50, 50)]",NO_PEAK,"[]"
1237662193994891452,NO_PEAK,"[]",NO_PEAK,"[]",SINGLE,"[(50, 50)]",NO_PEAK,"[]"
1237662193994825810,NO_PEAK,"[]",SINGLE,"[(50, 50)]",SINGLE,"[(50, 50)]",SINGLE,"[(50, 50)]"
1237661966898430096,NO_PEAK,"[]",SINGLE,"[(50, 51)]",SINGLE,"[(50, 50)]",SINGLE,"[(50, 51)]"
1237662194531631142,NO_PEAK,"[]",NO_PEAK,"[]",DOUBLE,"[(50, 70)(49, 50)]",DOUBLE,"[(51, 70)(50, 50)]"
1237662193994760274,NO_PEAK,"[]",SINGLE,"[(51, 50)]",SINGLE,"[(50, 50)]",SINGLE,"[(50, 50)]"
1237661966898364540,NO_PEAK,"[]",SINGLE,"[(50, 50)]",SINGLE,"[(50, 50)]",SINGLE,"[(50, 50)]"
1237661966898364595,NO_PEAK,"[]",NO_PEAK,"[]",SINGLE,"[(50, 50)]",NO_PEAK,"[]"
1237662194531631265,SINGLE,"[(1, 66)]",SINGLE,"[(50, 51)]",NO_PEAK,"[]",SINGLE,"[(52, 32)]"
1237662194531631230,NO_PEAK,"[]",SINGLE,"[(50, 50)]",SINGLE,"[(50, 51)]",SINGLE,"[(50, 50)]"
1237662194531762250,NO_PEAK,"[]",SINGLE,"[(49, 50)]",SINGLE,"[(50, 50)]",SINGLE,"[(50, 50)]"
1237661966898495557,NO_PEAK,"[]",SINGLE,"[(50, 50)]",SINGLE,"[(50, 50)]",DOUBLE,"[(50, 50)(64, 47)]"
1237662194531762240,NO_PEAK,"[]",SINGLE,"[(49, 50)]",SINGLE,"[(50, 50)]",SINGLE,"[(50, 50)]"
1237662194531500179,NO_PEAK,"[]",DOUBLE,"[(50, 50)(53, 41)]",NO_PEAK,"[]",NO_PEAK,"[]"
1237661966898299096,NO_PEAK,"[]",NO_PEAK,"[]",SINGLE,"[(50, 51)]",SINGLE,"[(50, 50)]"
1237662194531631415,NO_PEAK,"[]",NO_PEAK,"[]",SINGLE,"[(50, 50)]",SINGLE,"[(50, 50)]"
1237661966898299021,NO_PEAK,"[]",SINGLE,"[(50, 51)]",SINGLE,"[(50, 50)]",NO_PEAK,"[]"
1237662194531566260,NO_PEAK,"[]",NO_PEAK,"[]",NO_PEAK,"[]",NO_PEAK,"[]"
1237662194531565684,SINGLE,"[(55, 55)]",DOUBLE,"[(55, 54)(50, 50)]",DOUBLE,"[(55, 54)(50, 50)]",DOUBLE,"[(55, 54)(50, 50)]"
1237662194531565751,SINGLE,"[(72, 13)]",SINGLE,"[(71, 12)]",SINGLE,"[(50, 50)]",SINGLE,"[(50, 50)]"
1237662194531565709,NO_PEAK,"[]",SINGLE,"[(50, 50)]",SINGLE,"[(50, 50)]",NO_PEAK,"[]"
1237662194531565645,NO_PEAK,"[]",SINGLE,"[(25, 65)]",SINGLE,"[(24, 65)]",SINGLE,"[(50, 50)]"
1237661966898364659,NO_PEAK,"[]",SINGLE,"[(50, 50)]",SINGLE,"[(50, 50)]",SINGLE,"[(50, 50)]"
1237661966898299045,SINGLE,"[(24, 32)]",NO_PEAK,"[]",SINGLE,"[(44, 26)]",SINGLE,"[(44, 26)]"
1237662194531565671,NO_PEAK,"[]",SINGLE,"[(50, 50)]",SINGLE,"[(50, 50)]",SINGLE,"[(51, 50)]"
1237661966898364554,NO_PEAK,"[]",SINGLE,"[(50, 50)]",SINGLE,"[(33, 45)]",SINGLE,"[(33, 45)]"
1237662193994694757,NO_PEAK,"[]",SINGLE,"[(83, 31)]",NO_PEAK,"[]",NO_PEAK,"[]"
1237661966898364504,NO_PEAK,"[]",NO_PEAK,"[]",SINGLE,"[(50, 50)]",SINGLE,"[(50, 50)]"
1237662193994760322,NO_PEAK,"[]",SINGLE,"[(50, 50)]",DOUBLE,"[(50, 50)(48, 58)]",DOUBLE,"[(50, 50)(48, 58)]"
1237661966898299012,NO_PEAK,"[]",SINGLE,"[(50, 50)]",SINGLE,"[(50, 50)]",SINGLE,"[(50, 50)]"
1237661966898298967,NO_PEAK,"[]",SINGLE,"[(50, 50)]",SINGLE,"[(51, 50)]",NO_PEAK,"[]"
1237661966898299077,NO_PEAK,"[]",SINGLE,"[(58, 45)]",NO_PEAK,"[]",SINGLE,"[(33, 39)]"
1237661966898233477,NO_PEAK,"[]",SINGLE,"[(50, 50)]",SINGLE,"[(50, 50)]",SINGLE,"[(50, 50)]"
1237662193994694779,SINGLE,"[(11, 37)]",SINGLE,"[(10, 38)]",SINGLE,"[(11, 38)]",SINGLE,"[(10, 37)]"
1237661966361428087,NO_PEAK,"[]",SINGLE,"[(50, 50)]",SINGLE,"[(50, 50)]",SINGLE,"[(50, 50)]"
1237662193994629256,SINGLE,"[(50, 50)]",SINGLE,"[(50, 50)]",SINGLE,"[(50, 50)]",SINGLE,"[(50, 50)]"
1237662193994694844,NO_PEAK,"[]",SINGLE,"[(49, 51)]",SINGLE,"[(50, 50)]",SINGLE,"[(50, 50)]"
1237662193994629279,NO_PEAK,"[]",SINGLE,"[(50, 50)]",NO_PEAK,"[]",NO_PEAK,"[]"
1237661966898233451,NO_PEAK,"[]",DOUBLE,"[(55, 57)(49, 50)]",DOUBLE,"[(50, 50)(55, 56)]",DOUBLE,"[(50, 49)(55, 56)]"
1237661966361428053,SINGLE,"[(50, 50)]",SINGLE,"[(50, 50)]",SINGLE,"[(50, 50)]",SINGLE,"[(50, 50)]"
1237662193994629259,NO_PEAK,"[]",SINGLE,"[(49, 50)]",SINGLE,"[(50, 50)]",NO_PEAK,"[]"
1237662194531434727,NO_PEAK,"[]",NO_PEAK,"[]",SINGLE,"[(5, 30)]",SINGLE,"[(6, 30)]"
1237662193994629281,NO_PEAK,"[]",SINGLE,"[(50, 50)]",SINGLE,"[(50, 50)]",SINGLE,"[(50, 50)]"
1237661966898233403,NO_PEAK,"[]",SINGLE,"[(51, 50)]",SINGLE,"[(50, 50)]",SINGLE,"[(50, 50)]"
1237661966898298957,NO_PEAK,"[]",SINGLE,"[(50, 51)]",SINGLE,"[(11, 27)]",SINGLE,"[(10, 26)]"
1237662194531500157,NO_PEAK,"[]",SINGLE,"[(50, 50)]",SINGLE,"[(49, 50)]",SINGLE,"[(50, 50)]"
1237662194531500281,NO_PEAK,"[]",SINGLE,"[(50, 50)]",SINGLE,"[(50, 50)]",NO_PEAK,"[]"
1237662194531434524,NO_PEAK,"[]",NO_PEAK,"[]",SINGLE,"[(50, 50)]",SINGLE,"[(50, 50)]"
1237662194531500216,NO_PEAK,"[]",SINGLE,"[(49, 50)]",NO_PEAK,"[]",NO_PEAK,"[]"
1237662194531500246,NO_PEAK,"[]",NO_PEAK,"[]",NO_PEAK,"[]",SINGLE,"[(8, 39)]"
1237661965824557205,NO_PEAK,"[]",SINGLE,"[(50, 50)]",SINGLE,"[(48, 27)]",SINGLE,"[(48, 27)]"
1237661966361428072,NO_PEAK,"[]",SINGLE,"[(50, 50)]",SINGLE,"[(50, 50)]",SINGLE,"[(50, 50)]"
1237664296369258544,NO_PEAK,"[]",SINGLE,"[(49, 50)]",SINGLE,"[(50, 50)]",NO_PEAK,"[]"
1237661965824622788,NO_PEAK,"[]",NO_PEAK,"[]",SINGLE,"[(50, 50)]",NO_PEAK,"[]"
1237657190906593355,NO_PEAK,"[]",SINGLE,"[(50, 50)]",SINGLE,"[(50, 50)]",NO_PEAK,"[]"
1237657190906527987,NO_PEAK,"[]",SINGLE,"[(50, 50)]",SINGLE,"[(50, 50)]",NO_PEAK,"[]"
1237663275781783974,NO_PEAK,"[]",NO_PEAK,"[]",NO_PEAK,"[]",NO_PEAK,"[]"
1237657189832851749,NO_PEAK,"[]",SINGLE,"[(50, 50)]",SINGLE,"[(50, 49)]",SINGLE,"[(50, 50)]"
1237657189832982809,NO_PEAK,"[]",SINGLE,"[(50, 50)]",SINGLE,"[(50, 50)]",SINGLE,"[(50, 50)]"
1237657190369526022,NO_PEAK,"[]",SINGLE,"[(50, 50)]",SINGLE,"[(50, 50)]",SINGLE,"[(50, 50)]"
1237657190369525928,NO_PEAK,"[]",SINGLE,"[(50, 50)]",NO_PEAK,"[]",SINGLE,"[(27, 35)]"
1237667171853598892,NO_PEAK,"[]",SINGLE,"[(50, 50)]",SINGLE,"[(50, 50)]",SINGLE,"[(50, 50)]"
1237657190369525863,NO_PEAK,"[]",SINGLE,"[(5, 34)]",SINGLE,"[(6, 34)]",SINGLE,"[(6, 34)]"
1237657189832786098,NO_PEAK,"[]",SINGLE,"[(50, 50)]",SINGLE,"[(50, 50)]",SINGLE,"[(50, 51)]"
1237657189832851713,NO_PEAK,"[]",SINGLE,"[(3, 49)]",SINGLE,"[(3, 49)]",NO_PEAK,"[]"
1237663275781587254,SINGLE,"[(50, 49)]",SINGLE,"[(50, 50)]",SINGLE,"[(50, 50)]",NO_PEAK,"[]"
1237663275781652665,NO_PEAK,"[]",SINGLE,"[(49, 49)]",SINGLE,"[(50, 50)]",SINGLE,"[(50, 50)]"
1237657189832720478,SINGLE,"[(78, 74)]",NO_PEAK,"[]",NO_PEAK,"[]",NO_PEAK,"[]"
1237663275781652721,NO_PEAK,"[]",SINGLE,"[(51, 49)]",SINGLE,"[(50, 50)]",NO_PEAK,"[]"
1237663783124992252,NO_PEAK,"[]",NO_PEAK,"[]",NO_PEAK,"[]",SINGLE,"[(55, 19)]"
1237663783661600915,SINGLE,"[(50, 50)]",SINGLE,"[(50, 50)]",SINGLE,"[(50, 50)]",SINGLE,"[(50, 50)]"
1237657190906134773,SINGLE,"[(1, 61)]",SINGLE,"[(50, 50)]",SINGLE,"[(50, 50)]",SINGLE,"[(50, 50)]"
1237657190369329308,NO_PEAK,"[]",SINGLE,"[(50, 50)]",NO_PEAK,"[]",SINGLE,"[(50, 50)]"
1237657190369460321,NO_PEAK,"[]",SINGLE,"[(51, 50)]",SINGLE,"[(50, 49)]",SINGLE,"[(50, 50)]"
1237663275781456226,SINGLE,"[(98, 78)]",NO_PEAK,"[]",NO_PEAK,"[]",SINGLE,"[(49, 50)]"
1237663275781390467,NO_PEAK,"[]",SINGLE,"[(50, 50)]",SINGLE,"[(50, 50)]",SINGLE,"[(51, 50)]"
1237663275781521685,NO_PEAK,"[]",SINGLE,"[(50, 50)]",SINGLE,"[(50, 50)]",NO_PEAK,"[]"
1237663783124664478,NO_PEAK,"[]",SINGLE,"[(50, 50)]",SINGLE,"[(50, 50)]",SINGLE,"[(50, 50)]"
1237663277928743034,NO_PEAK,"[]",NO_PEAK,"[]",SINGLE,"[(50, 50)]",NO_PEAK,"[]"
1237657192517075112,NO_PEAK,"[]",SINGLE,"[(34, 52)]",SINGLE,"[(34, 52)]",DOUBLE,"[(34, 52)(50, 50)]"
1237657192517009708,NO_PEAK,"[]",SINGLE,"[(51, 50)]",SINGLE,"[(50, 50)]",SINGLE,"[(49, 49)]"
1237678617419055371,SINGLE,"[(51, 50)]",SINGLE,"[(50, 50)]",SINGLE,"[(35, 59)]",SINGLE,"[(35, 58)]"
1237663278465876249,NO_PEAK,"[]",SINGLE,"[(50, 50)]",SINGLE,"[(50, 50)]",SINGLE,"[(50, 50)]"
1237663278465876152,NO_PEAK,"[]",SINGLE,"[(50, 50)]",NO_PEAK,"[]",SINGLE,"[(36, 29)]"
1237657191980073588,SINGLE,"[(4, 95)]",SINGLE,"[(50, 50)]",SINGLE,"[(50, 50)]",SINGLE,"[(33, 52)]"
1237663543697080608,NO_PEAK,"[]",NO_PEAK,"[]",NO_PEAK,"[]",NO_PEAK,"[]"
1237663543697211503,NO_PEAK,"[]",SINGLE,"[(49, 50)]",SINGLE,"[(50, 50)]",NO_PEAK,"[]"
1237678617419186275,NO_PEAK,"[]",NO_PEAK,"[]",SINGLE,"[(24, 4)]",SINGLE,"[(23, 5)]"
1237663278465941656,NO_PEAK,"[]",SINGLE,"[(50, 50)]",SINGLE,"[(50, 50)]",SINGLE,"[(50, 50)]"
