objid,ra,dec,u-type,u-peaks,g-type,g-peaks,r-type,r-peaks,i-type,i-peaks,status
1237666340797809016,12.4638910558529,1.18608891102392,NO_PEAK,"[]",NO_PEAK,"[]",DOUBLE,"[(50, 50)(54, 46)]",SINGLE,"[(54, 46)]",success
1237666340797809015,12.4643385382628,1.1857013154272,NO_PEAK,"[]",NO_PEAK,"[]",DOUBLE,"[(46, 54)(50, 50)]",SINGLE,"[(50, 49)]",success
1237663784739996013,13.0286907555968,0.421424365566222,NO_PEAK,"[]",DOUBLE,"[(53, 43)(50, 50)]",DOUBLE,"[(53, 44)(50, 50)]",NO_PEAK,"[]",success
1237663784739996014,13.0290015124661,0.420720057497882,NO_PEAK,"[]",DOUBLE,"[(50, 50)(47, 57)]",DOUBLE,"[(50, 50)(47, 56)]",NO_PEAK,"[]",success
1237659904253165677,13.1972925183729,-1.14489754366374,NO_PEAK,"[]",NO_PEAK,"[]",DOUBLE,"[(70, 1)(86, 47)]",DOUBLE,"[(99, 68)(51, 91)]",success
1237659904253165687,13.1979591216388,-1.14488531207204,NO_PEAK,"[]",NO_PEAK,"[]",SINGLE,"[(64, 1)]",DOUBLE,"[(99, 65)(45, 91)]",success
1237663785277391531,14.3180483864316,0.915536877313302,NO_PEAK,"[]",NO_PEAK,"[]",DOUBLE,"[(54, 14)(55, 14)]",NO_PEAK,"[]",success
1237663783130366364,15.4172214122423,-0.811547432796823,NO_PEAK,"[]",DOUBLE,"[(50, 50)(55, 47)]",NO_PEAK,"[]",SINGLE,"[(21, 8)]",success
1237663783130366365,15.4177555871739,-0.81192717938907,NO_PEAK,"[]",DOUBLE,"[(45, 53)(50, 50)]",NO_PEAK,"[]",SINGLE,"[(16, 12)]",success
1237663784204173780,15.4591450177507,0.015391077075577,SINGLE,"[(62, 79)]",NO_PEAK,"[]",NO_PEAK,"[]",DOUBLE,"[(45, 55)(51, 51)]",success
1237663782595199004,19.17620243418,-1.25729788786999,NO_PEAK,"[]",DOUBLE,"[(20, 3)(32, 18)]",DOUBLE,"[(37, 5)(18, 4)]",DOUBLE,"[(20, 3)(30, 18)]",success
1237663782595199001,19.1769539047139,-1.25723198013972,NO_PEAK,"[]",DOUBLE,"[(13, 3)(25, 18)]",DOUBLE,"[(30, 4)(23, 18)]",DOUBLE,"[(13, 3)(23, 18)]",success
1237663782595723718,20.4360109697231,-1.25906042114268,SINGLE,"[(13, 11)]",NO_PEAK,"[]",SINGLE,"[(51, 44)]",DOUBLE,"[(51, 45)(50, 51)]",success
1237663204923015387,20.2577533062423,0.790846020598162,NO_PEAK,"[]",NO_PEAK,"[]",DOUBLE,"[(50, 43)(43, 40)]",NO_PEAK,"[]",success
1237663204923015385,20.2578083612075,0.790083010870267,NO_PEAK,"[]",SINGLE,"[(50, 50)]",DOUBLE,"[(50, 50)(43, 47)]",NO_PEAK,"[]",success
1237663783132660702,20.5518822072402,-0.839008176048024,NO_PEAK,"[]",NO_PEAK,"[]",NO_PEAK,"[]",DOUBLE,"[(51, 57)(50, 50)]",success
1237657069547422487,24.9066564219427,-0.857255948574968,SINGLE,"[(31, 29)]",NO_PEAK,"[]",DOUBLE,"[(12, 38)(17, 40)]",NO_PEAK,"[]",success
1237657069547487669,25.0404979844865,-0.924762751049694,NO_PEAK,"[]",NO_PEAK,"[]",DOUBLE,"[(56, 53)(50, 50)]",NO_PEAK,"[]",success
1237657069547487670,25.041164579677,-0.924530762693501,SINGLE,"[(52, 51)]",NO_PEAK,"[]",DOUBLE,"[(50, 51)(44, 48)]",NO_PEAK,"[]",success
1237657071695429980,26.0492157354169,0.722735494066901,NO_PEAK,"[]",DOUBLE,"[(49, 50)(50, 50)]",SINGLE,"[(50, 50)]",NO_PEAK,"[]",success
1237666407918469895,29.5372173665075,-0.0817660899306258,NO_PEAK,"[]",NO_PEAK,"[]",SINGLE,"[(50, 50)]",DOUBLE,"[(56, 48)(50, 50)]",success
1237666407918469894,29.5379291119533,-0.0820281433254404,NO_PEAK,"[]",NO_PEAK,"[]",SINGLE,"[(44, 52)]",DOUBLE,"[(50, 50)(44, 52)]",success
1237663783136264880,28.8198543184638,-0.838651040337907,NO_PEAK,"[]",NO_PEAK,"[]",SINGLE,"[(51, 45)]",DOUBLE,"[(51, 45)(51, 50)]",success
1237663783136264879,28.8199783459669,-0.839214664617802,SINGLE,"[(6, 95)]",NO_PEAK,"[]",SINGLE,"[(50, 50)]",DOUBLE,"[(49, 50)(49, 55)]",fail
1237663784751464747,39.3221025628767,0.547431737593291,NO_PEAK,"[]",DOUBLE,"[(50, 50)(55, 46)]",DOUBLE,"[(51, 50)(56, 46)]",NO_PEAK,"[]",success
1237663784751464748,39.3227682267878,0.546989120066677,NO_PEAK,"[]",DOUBLE,"[(44, 54)(49, 50)]",DOUBLE,"[(44, 54)(49, 50)]",NO_PEAK,"[]",success
1237660024522605174,43.1097639749781,-1.11984099893199,NO_PEAK,"[]",NO_PEAK,"[]",DOUBLE,"[(50, 50)(51, 57)]",NO_PEAK,"[]",success
1237660024522605175,43.1098258394232,-1.11912323322463,NO_PEAK,"[]",SINGLE,"[(49, 51)]",DOUBLE,"[(49, 44)(49, 51)]",NO_PEAK,"[]",success
1237666299479917127,45.9390404444294,-0.982671818061413,NO_PEAK,"[]",NO_PEAK,"[]",SINGLE,"[(50, 44)]",DOUBLE,"[(49, 44)(50, 45)]",success
1237666301628777034,49.0180372702782,0.818769182471891,NO_PEAK,"[]",NO_PEAK,"[]",DOUBLE,"[(50, 51)(56, 47)]",DOUBLE,"[(56, 47)(51, 51)]",success
1237666301628777033,49.0186722444599,0.818379300886253,SINGLE,"[(23, 19)]",NO_PEAK,"[]",DOUBLE,"[(44, 54)(50, 50)]",DOUBLE,"[(50, 50)(45, 54)]",success
1237657191980073282,2.57228798561221,0.710471648638263,NO_PEAK,"[]",NO_PEAK,"[]",DOUBLE,"[(54, 59)(48, 42)]",NO_PEAK,"[]",success
1237657191980073280,2.57264022570587,0.711405957183138,NO_PEAK,"[]",SINGLE,"[(50, 51)]",DOUBLE,"[(50, 50)(44, 33)]",NO_PEAK,"[]",success
1237657189835407991,9.07523567542864,-0.844852258852644,NO_PEAK,"[]",SINGLE,"[(49, 50)]",SINGLE,"[(50, 50)]",DOUBLE,"[(50, 50)(58, 54)]",success
1237657189835407992,9.07611988146584,-0.84442943388304,NO_PEAK,"[]",SINGLE,"[(41, 46)]",SINGLE,"[(42, 46)]",DOUBLE,"[(42, 47)(50, 51)]",success
1237663783128727937,11.6270573269678,-0.645129283193668,SINGLE,"[(49, 50)]",SINGLE,"[(50, 50)]",DOUBLE,"[(50, 50)(53, 43)]",DOUBLE,"[(50, 50)(54, 43)]",success
1237663783128727938,11.6274616902799,-0.645923476586807,NO_PEAK,"[]",NO_PEAK,"[]",DOUBLE,"[(47, 57)(50, 50)]",DOUBLE,"[(46, 57)(50, 50)]",success
1237663784743535070,21.1505004682018,0.57296087174881,NO_PEAK,"[]",NO_PEAK,"[]",NO_PEAK,"[]",DOUBLE,"[(50, 50)(40, 51)]",success
1237663784743535071,21.1494522402683,0.572954604740715,NO_PEAK,"[]",NO_PEAK,"[]",NO_PEAK,"[]",DOUBLE,"[(59, 50)(49, 51)]",success
1237657071694316204,23.5658602563702,0.807425646417244,NO_PEAK,"[]",NO_PEAK,"[]",DOUBLE,"[(50, 49)(50, 50)]",NO_PEAK,"[]",success
1237663782597231372,23.8279646328016,-1.2582415946755,NO_PEAK,"[]",NO_PEAK,"[]",DOUBLE,"[(50, 50)(51, 50)]",NO_PEAK,"[]",success
1237663783671956113,26.1435545180411,-0.348295028104833,NO_PEAK,"[]",NO_PEAK,"[]",DOUBLE,"[(35, 44)(35, 45)]",NO_PEAK,"[]",success
1237666407917682856,27.7653888883123,-0.0825462325570116,NO_PEAK,"[]",NO_PEAK,"[]",DOUBLE,"[(51, 59)(50, 50)]",DOUBLE,"[(50, 59)(50, 50)]",success
1237666407917682854,27.7654177225604,-0.08154885406818,NO_PEAK,"[]",SINGLE,"[(59, 23)]",DOUBLE,"[(50, 50)(49, 41)]",DOUBLE,"[(50, 50)(50, 41)]",success
1237663782599459467,28.9718535963403,-1.19025774993286,NO_PEAK,"[]",NO_PEAK,"[]",NO_PEAK,"[]",DOUBLE,"[(55, 44)(51, 50)]",success
1237663782599459466,28.972447541226,-1.19084456343636,NO_PEAK,"[]",NO_PEAK,"[]",NO_PEAK,"[]",DOUBLE,"[(49, 50)(45, 56)]",success
1237663782599852866,29.9292977719863,-1.18391004961966,NO_PEAK,"[]",NO_PEAK,"[]",SINGLE,"[(50, 50)]",DOUBLE,"[(50, 49)(60, 52)]",success
1237663782599852867,29.9303084161609,-1.18372720220633,SINGLE,"[(1, 92)]",NO_PEAK,"[]",SINGLE,"[(41, 48)]",DOUBLE,"[(41, 48)(51, 51)]",success
1237663782599787307,29.7660126789673,-1.06275088937088,DOUBLE,"[(23, 29)(24, 29)]",NO_PEAK,"[]",SINGLE,"[(43, 44)]",NO_PEAK,"[]",success
1237678433254769309,8.0085591707874,1.04969036189007,NO_PEAK,"[]",NO_PEAK,"[]",SINGLE,"[(50, 50)]",DOUBLE,"[(59, 47)(51, 49)]",success
1237663784213610802,37.0726720270747,0.146601947609913,NO_PEAK,"[]",SINGLE,"[(45, 24)]",SINGLE,"[(45, 25)]",DOUBLE,"[(45, 24)(45, 25)]",success
1237663784213610801,37.0731111821578,0.1474772732191,NO_PEAK,"[]",SINGLE,"[(41, 16)]",SINGLE,"[(41, 17)]",DOUBLE,"[(41, 16)(41, 17)]",success
1237678433254769308,8.00946255310988,1.05019036648641,NO_PEAK,"[]",NO_PEAK,"[]",SINGLE,"[(41, 52)]",DOUBLE,"[(50, 50)(42, 52)]",success
1237678617433407789,35.5591123196093,1.07027725717676,NO_PEAK,"[]",SINGLE,"[(50, 50)]",SINGLE,"[(50, 50)]",DOUBLE,"[(50, 50)(50, 41)]",success
1237678617433407790,35.5591362115089,1.06930943088595,NO_PEAK,"[]",NO_PEAK,"[]",SINGLE,"[(49, 59)]",DOUBLE,"[(50, 59)(50, 50)]",success
1237678617432752295,34.0910698068698,1.06764480391102,NO_PEAK,"[]",DOUBLE,"[(50, 50)(47, 44)]",DOUBLE,"[(50, 50)(46, 44)]",DOUBLE,"[(50, 50)(46, 44)]",success
1237663783139213517,35.4816527185621,-0.644365941498741,SINGLE,"[(75, 90)]",NO_PEAK,"[]",DOUBLE,"[(60, 53)(18, 42)]",NO_PEAK,"[]",success
1237663783139213527,35.4826760840461,-0.64404192416445,NO_PEAK,"[]",NO_PEAK,"[]",DOUBLE,"[(93, 61)(9, 39)]",SINGLE,"[(92, 26)]",success
1237663783139213532,35.487365163065,-0.642868297491436,NO_PEAK,"[]",NO_PEAK,"[]",DOUBLE,"[(90, 61)(50, 50)]",NO_PEAK,"[]",success
1237663783139213554,35.4883540393583,-0.64261117315019,NO_PEAK,"[]",NO_PEAK,"[]",DOUBLE,"[(81, 59)(92, 62)]",NO_PEAK,"[]",success
1237663784751465119,39.3251667935054,0.547698508447673,NO_PEAK,"[]",DOUBLE,"[(23, 47)(29, 43)]",DOUBLE,"[(23, 47)(28, 43)]",DOUBLE,"[(23, 48)(28, 44)]",success
1237663784751465120,39.325851618828,0.548484369234395,NO_PEAK,"[]",NO_PEAK,"[]",NO_PEAK,"[]",DOUBLE,"[(16, 41)(21, 37)]",success
1237663239272202585,41.8662972767316,0.565913694499787,SINGLE,"[(50, 50)]",DOUBLE,"[(51, 51)(59, 51)]",DOUBLE,"[(59, 50)(51, 50)]",SINGLE,"[(23, 36)]",success
1237663239272202584,41.8673228726014,0.565848184380606,NO_PEAK,"[]",DOUBLE,"[(42, 51)(50, 51)]",DOUBLE,"[(50, 50)(42, 50)]",SINGLE,"[(14, 37)]",success
1237663783678444392,40.9931428821437,-0.345491902798139,SINGLE,"[(56, 98)]",NO_PEAK,"[]",DOUBLE,"[(42, 54)(43, 55)]",NO_PEAK,"[]",success
1237663783142818245,43.7834893578581,-0.694420494880339,NO_PEAK,"[]",NO_PEAK,"[]",DOUBLE,"[(49, 50)(50, 50)]",NO_PEAK,"[]",success
1237663783678116223,40.1602425961534,-0.212022158302043,NO_PEAK,"[]",NO_PEAK,"[]",SINGLE,"[(41, 45)]",DOUBLE,"[(41, 45)(41, 44)]",success
1237660241923015074,47.0448722417379,0.893709551568734,NO_PEAK,"[]",NO_PEAK,"[]",SINGLE,"[(50, 50)]",DOUBLE,"[(50, 50)(52, 58)]",success
1237660241923015075,47.0450712304915,0.894568079262866,NO_PEAK,"[]",NO_PEAK,"[]",SINGLE,"[(50, 50)]",DOUBLE,"[(48, 42)(50, 50)]",success
1237660239777563291,51.7772929888705,-0.773920600930261,NO_PEAK,"[]",NO_PEAK,"[]",DOUBLE,"[(14, 15)(19, 17)]",DOUBLE,"[(18, 17)(13, 15)]",success
1237660239777563292,51.7781947158802,-0.774160243835425,DOUBLE,"[(28, 29)(22, 26)]",NO_PEAK,"[]",NO_PEAK,"[]",DOUBLE,"[(10, 19)(5, 17)]",success
1237663238204359216,55.2884012419962,-0.216868075502549,SINGLE,"[(72, 61)]",NO_PEAK,"[]",SINGLE,"[(41, 50)]",DOUBLE,"[(41, 50)(50, 50)]",success
1237663783123878007,0.467708042777371,-0.748236517111767,NO_PEAK,"[]",NO_PEAK,"[]",NO_PEAK,"[]",DOUBLE,"[(14, 47)(14, 48)]",success
1237663783123878006,0.466523484439515,-0.747646272784156,NO_PEAK,"[]",NO_PEAK,"[]",NO_PEAK,"[]",DOUBLE,"[(25, 42)(25, 43)]",success
1237663783124337599,1.64635635434077,-0.783265260625319,SINGLE,"[(48, 51)]",NO_PEAK,"[]",SINGLE,"[(26, 13)]",DOUBLE,"[(26, 13)(26, 14)]",success
1237663783124402613,1.64769955685632,-0.783230114059304,SINGLE,"[(15, 13)]",NO_PEAK,"[]",SINGLE,"[(14, 13)]",DOUBLE,"[(14, 12)(14, 13)]",success
1237663782589956275,7.32009757337749,-1.16172754839118,NO_PEAK,"[]",NO_PEAK,"[]",DOUBLE,"[(43, 35)(42, 42)]",DOUBLE,"[(42, 35)(41, 42)]",success
1237657191444251293,5.01382533883151,0.366043132996245,NO_PEAK,"[]",NO_PEAK,"[]",SINGLE,"[(34, 58)]",DOUBLE,"[(34, 59)(41, 56)]",success
1237663783664550924,9.15784346610754,-0.336870091464888,NO_PEAK,"[]",NO_PEAK,"[]",NO_PEAK,"[]",DOUBLE,"[(41, 42)(41, 43)]",success
1237663784202273167,11.0814915090692,0.0898714139121289,NO_PEAK,"[]",SINGLE,"[(50, 50)]",NO_PEAK,"[]",DOUBLE,"[(12, 53)(13, 52)]",success
1237657190911050007,13.3920171340399,-0.158703946269987,NO_PEAK,"[]",NO_PEAK,"[]",NO_PEAK,"[]",DOUBLE,"[(50, 50)(51, 50)]",success
1237657190911050005,13.3924061203155,-0.157506387293569,NO_PEAK,"[]",SINGLE,"[(50, 50)]",SINGLE,"[(50, 50)]",DOUBLE,"[(46, 39)(47, 39)]",success
1237666340800037305,17.6250133264966,1.13478089249631,NO_PEAK,"[]",NO_PEAK,"[]",NO_PEAK,"[]",DOUBLE,"[(49, 38)(49, 39)]",success
1237663784205091508,17.6045968086861,0.083945506736264,NO_PEAK,"[]",NO_PEAK,"[]",SINGLE,"[(50, 38)]",DOUBLE,"[(51, 38)(55, 31)]",success
1237663782595658008,20.2408371376045,-1.11699987497658,NO_PEAK,"[]",NO_PEAK,"[]",SINGLE,"[(51, 40)]",DOUBLE,"[(51, 40)(49, 50)]",success
1237657189840716069,21.1325837959808,-0.994292020528742,NO_PEAK,"[]",DOUBLE,"[(49, 46)(50, 46)]",NO_PEAK,"[]",NO_PEAK,"[]",success
1237663784206402457,20.656066378121,0.0239001140701227,NO_PEAK,"[]",NO_PEAK,"[]",NO_PEAK,"[]",DOUBLE,"[(38, 10)(38, 11)]",success
1237666407915979194,23.8108627969518,-0.187048766696942,NO_PEAK,"[]",NO_PEAK,"[]",NO_PEAK,"[]",DOUBLE,"[(62, 53)(52, 50)]",success
1237666407915979191,23.8121816697349,-0.186760197122846,NO_PEAK,"[]",NO_PEAK,"[]",NO_PEAK,"[]",DOUBLE,"[(50, 50)(40, 47)]",success
1237657069547422218,24.9251735805866,-1.02661673744476,NO_PEAK,"[]",DOUBLE,"[(50, 51)(51, 51)]",NO_PEAK,"[]",SINGLE,"[(2, 14)]",success
1237663783671169084,24.2934964024915,-0.350335389874062,NO_PEAK,"[]",NO_PEAK,"[]",SINGLE,"[(29, 71)]",DOUBLE,"[(60, 20)(99, 37)]",success
1237666407381467524,29.1613777557571,-0.54399389409997,NO_PEAK,"[]",DOUBLE,"[(50, 50)(51, 50)]",NO_PEAK,"[]",SINGLE,"[(11, 30)]",success
1237666338653864003,20.6744000370332,-0.449793674762426,NO_PEAK,"[]",NO_PEAK,"[]",NO_PEAK,"[]",DOUBLE,"[(34, 79)(34, 54)]",success
1237663783136854650,30.1733535569142,-0.79348799018753,DOUBLE,"[(24, 34)(19, 37)]",NO_PEAK,"[]",NO_PEAK,"[]",SINGLE,"[(21, 37)]",success
1237663783126761701,7.08580678002931,-0.836433471100333,NO_PEAK,"[]",NO_PEAK,"[]",DOUBLE,"[(51, 50)(50, 51)]",NO_PEAK,"[]",success
1237663783126761700,7.08625286309247,-0.836566156369937,NO_PEAK,"[]",NO_PEAK,"[]",DOUBLE,"[(46, 52)(47, 51)]",NO_PEAK,"[]",success
1237663716016980506,6.01440231284846,0.52302651460627,NO_PEAK,"[]",NO_PEAK,"[]",DOUBLE,"[(51, 46)(50, 50)]",NO_PEAK,"[]",success
1237663716016980507,6.01454991696551,0.522559355089779,NO_PEAK,"[]",NO_PEAK,"[]",DOUBLE,"[(50, 50)(49, 54)]",NO_PEAK,"[]",success
1237657191446610517,10.3571002648607,0.24851867618365,NO_PEAK,"[]",NO_PEAK,"[]",SINGLE,"[(50, 50)]",DOUBLE,"[(50, 50)(49, 46)]",success
1237657191447789673,13.0597376644841,0.316959333748186,NO_PEAK,"[]",SINGLE,"[(58, 55)]",DOUBLE,"[(53, 51)(54, 52)]",SINGLE,"[(54, 52)]",success
1237657191447789672,13.0601253718872,0.317128304000554,NO_PEAK,"[]",SINGLE,"[(55, 53)]",DOUBLE,"[(49, 50)(50, 51)]",SINGLE,"[(50, 50)]",success
1237663204923081072,20.3112502051289,0.722016967637291,SINGLE,"[(20, 33)]",NO_PEAK,"[]",NO_PEAK,"[]",DOUBLE,"[(18, 35)(23, 22)]",success
1237663204923081071,20.3115489841927,0.721907601511567,NO_PEAK,"[]",NO_PEAK,"[]",NO_PEAK,"[]",DOUBLE,"[(15, 36)(20, 23)]",success
1237663784743010512,20.001173117999,0.446071447605226,DOUBLE,"[(26, 17)(26, 18)]",NO_PEAK,"[]",NO_PEAK,"[]",NO_PEAK,"[]",success
1237663782596116770,21.3754227658674,-1.05343738123183,NO_PEAK,"[]",NO_PEAK,"[]",SINGLE,"[(52, 53)]",DOUBLE,"[(51, 53)(59, 61)]",success
1237663784744911439,24.3697928809884,0.577096387467565,DOUBLE,"[(35, 22)(36, 22)]",NO_PEAK,"[]",NO_PEAK,"[]",SINGLE,"[(36, 22)]",success
1237663784744911440,24.3699445701614,0.577469685297796,DOUBLE,"[(34, 18)(35, 18)]",NO_PEAK,"[]",NO_PEAK,"[]",NO_PEAK,"[]",success
1237663783671300323,24.5730664128044,-0.342829275708349,NO_PEAK,"[]",SINGLE,"[(50, 50)]",DOUBLE,"[(50, 50)(54, 56)]",NO_PEAK,"[]",success
1237663783136920292,30.3240158840744,-0.747434813057059,NO_PEAK,"[]",NO_PEAK,"[]",NO_PEAK,"[]",DOUBLE,"[(54, 48)(50, 50)]",success
1237663783136920291,30.3244739728941,-0.747626856950107,NO_PEAK,"[]",NO_PEAK,"[]",NO_PEAK,"[]",DOUBLE,"[(50, 50)(46, 52)]",success
1237678617431769407,31.8756912398119,1.11839148329342,NO_PEAK,"[]",SINGLE,"[(50, 49)]",DOUBLE,"[(50, 50)(50, 51)]",SINGLE,"[(50, 50)]",success
1237678617432752297,34.0901621428786,1.06706875903403,NO_PEAK,"[]",DOUBLE,"[(58, 55)(55, 49)]",DOUBLE,"[(58, 55)(54, 49)]",DOUBLE,"[(58, 56)(54, 50)]",success
1237678617432752296,34.0906340667788,1.06692639911528,NO_PEAK,"[]",DOUBLE,"[(53, 56)(50, 50)]",DOUBLE,"[(53, 57)(49, 51)]",DOUBLE,"[(54, 57)(50, 51)]",success
1237657070090912465,40.1171229919649,-0.439960324262483,SINGLE,"[(19, 50)]",NO_PEAK,"[]",DOUBLE,"[(18, 11)(19, 11)]",NO_PEAK,"[]",success
1237663783143604556,45.6515472820298,-0.63327758649775,NO_PEAK,"[]",NO_PEAK,"[]",NO_PEAK,"[]",DOUBLE,"[(50, 50)(53, 46)]",success
1237663783143604557,45.6518264112479,-0.633721543515764,SINGLE,"[(48, 54)]",NO_PEAK,"[]",SINGLE,"[(48, 54)]",DOUBLE,"[(48, 54)(51, 50)]",success
1237663782589956274,7.31915540154465,-1.16260041496225,SINGLE,"[(38, 62)]",SINGLE,"[(51, 43)]",DOUBLE,"[(51, 43)(50, 50)]",DOUBLE,"[(51, 43)(50, 50)]",success
1237663783663698846,7.31916595229442,-0.253561561691493,NO_PEAK,"[]",NO_PEAK,"[]",SINGLE,"[(50, 50)]",DOUBLE,"[(51, 50)(53, 56)]",success
1237663782589956273,7.31927649515493,-1.16338650388987,NO_PEAK,"[]",SINGLE,"[(50, 50)]",DOUBLE,"[(50, 50)(49, 57)]",DOUBLE,"[(50, 50)(49, 57)]",success
1237663783663698847,7.31947880666989,-0.252910775484425,NO_PEAK,"[]",NO_PEAK,"[]",SINGLE,"[(50, 50)]",DOUBLE,"[(48, 44)(50, 50)]",success
1237657189834686669,7.3206093486412,-0.937366044342994,NO_PEAK,"[]",SINGLE,"[(48, 46)]",DOUBLE,"[(47, 45)(50, 50)]",SINGLE,"[(48, 46)]",success
1237663716018750054,10.1171638654939,0.506054467218878,NO_PEAK,"[]",NO_PEAK,"[]",NO_PEAK,"[]",DOUBLE,"[(54, 45)(54, 44)]",success
1237663716018750053,10.1176336668154,0.505448559639716,NO_PEAK,"[]",NO_PEAK,"[]",SINGLE,"[(50, 50)]",DOUBLE,"[(50, 49)(50, 50)]",success
1237656971300766762,10.1359858818355,-0.484628029299903,NO_PEAK,"[]",NO_PEAK,"[]",DOUBLE,"[(14, 33)(14, 32)]",NO_PEAK,"[]",success
1237656971300766761,10.1366519280793,-0.484502980298487,NO_PEAK,"[]",NO_PEAK,"[]",DOUBLE,"[(8, 31)(8, 32)]",NO_PEAK,"[]",success
1237663204918624651,10.2268484058941,0.731539145061333,NO_PEAK,"[]",NO_PEAK,"[]",DOUBLE,"[(19, 25)(14, 22)]",SINGLE,"[(19, 25)]",success
1237663204918624649,10.227281671843,0.731988063992203,NO_PEAK,"[]",NO_PEAK,"[]",DOUBLE,"[(15, 21)(10, 18)]",NO_PEAK,"[]",success
1237666406845383266,31.0143278521016,-0.966024956263447,NO_PEAK,"[]",NO_PEAK,"[]",DOUBLE,"[(37, 18)(38, 18)]",DOUBLE,"[(38, 19)(38, 18)]",success
1237666407382253720,31.0175160147566,-0.511415534501647,NO_PEAK,"[]",DOUBLE,"[(58, 57)(49, 53)]",DOUBLE,"[(58, 56)(50, 51)]",DOUBLE,"[(59, 56)(50, 51)]",success
1237666407382253719,31.0184029629041,-0.510719352069931,NO_PEAK,"[]",DOUBLE,"[(50, 50)(41, 46)]",DOUBLE,"[(50, 50)(42, 45)]",DOUBLE,"[(51, 50)(43, 43)]",success
1237663784210727414,30.4408238442143,0.155447834415776,NO_PEAK,"[]",NO_PEAK,"[]",DOUBLE,"[(47, 24)(47, 25)]",SINGLE,"[(47, 24)]",success
1237663784210727415,30.4420733084482,0.156015107846477,NO_PEAK,"[]",NO_PEAK,"[]",DOUBLE,"[(35, 19)(35, 20)]",SINGLE,"[(35, 19)]",success
1237663784747926251,31.2698826629389,0.453914249990607,SINGLE,"[(32, 36)]",NO_PEAK,"[]",SINGLE,"[(48, 30)]",DOUBLE,"[(47, 30)(47, 18)]",success
1237663784747926252,31.270916195526,0.453240017316153,NO_PEAK,"[]",NO_PEAK,"[]",NO_PEAK,"[]",DOUBLE,"[(38, 36)(38, 24)]",success
1237666406845514734,31.3146900454654,-1.04664148615,NO_PEAK,"[]",NO_PEAK,"[]",NO_PEAK,"[]",DOUBLE,"[(46, 13)(57, 18)]",success
1237663783676412079,36.3381533625881,-0.419488601914987,NO_PEAK,"[]",NO_PEAK,"[]",DOUBLE,"[(71, 55)(19, 42)]",NO_PEAK,"[]",success
1237663783676412049,36.3392893942589,-0.419198937290639,NO_PEAK,"[]",NO_PEAK,"[]",DOUBLE,"[(61, 53)(9, 40)]",NO_PEAK,"[]",success
1237666407920435492,34.0788418573607,-0.166688932539641,NO_PEAK,"[]",NO_PEAK,"[]",NO_PEAK,"[]",DOUBLE,"[(49, 50)(39, 55)]",success
1237666407920435517,34.0798951727546,-0.167292987050206,NO_PEAK,"[]",NO_PEAK,"[]",NO_PEAK,"[]",DOUBLE,"[(40, 56)(30, 61)]",success
1237663783137968707,32.6450663042493,-0.632463720373637,NO_PEAK,"[]",NO_PEAK,"[]",DOUBLE,"[(50, 50)(51, 50)]",SINGLE,"[(50, 50)]",success
1237663783139148043,35.4770173285963,-0.645570004110714,NO_PEAK,"[]",NO_PEAK,"[]",DOUBLE,"[(20, 42)(61, 53)]",NO_PEAK,"[]",success
1237663783139147988,35.4781226180706,-0.645261105734025,NO_PEAK,"[]",NO_PEAK,"[]",DOUBLE,"[(10, 39)(21, 42)]",NO_PEAK,"[]",success
1237663783139213538,35.4849917569661,-0.643492974454712,NO_PEAK,"[]",NO_PEAK,"[]",DOUBLE,"[(72, 56)(30, 45)]",NO_PEAK,"[]",success
1237663783139213570,35.4861783203039,-0.643166663172099,NO_PEAK,"[]",NO_PEAK,"[]",DOUBLE,"[(61, 53)(19, 42)]",NO_PEAK,"[]",success
1237663783139213557,35.4906785038033,-0.641957116639221,NO_PEAK,"[]",NO_PEAK,"[]",DOUBLE,"[(60, 53)(71, 56)]",NO_PEAK,"[]",success
1237663783139213539,35.4918014838374,-0.641640254885812,SINGLE,"[(99, 4)]",NO_PEAK,"[]",DOUBLE,"[(50, 50)(61, 53)]",SINGLE,"[(33, 19)]",success
1237657587097665764,40.052620655376,0.72756943813877,NO_PEAK,"[]",NO_PEAK,"[]",SINGLE,"[(35, 8)]",DOUBLE,"[(36, 8)(39, 1)]",success
1237660241385488887,45.5812817577734,0.524125972185339,NO_PEAK,"[]",NO_PEAK,"[]",SINGLE,"[(43, 40)]",DOUBLE,"[(43, 39)(46, 32)]",success
1237645943979180561,56.9906778850641,0.857982294426083,NO_PEAK,"[]",NO_PEAK,"[]",SINGLE,"[(29, 28)]",DOUBLE,"[(29, 28)(29, 29)]",success
1237645943979180562,56.9914641990471,0.856919064617524,SINGLE,"[(99, 76)]",NO_PEAK,"[]",SINGLE,"[(22, 38)]",DOUBLE,"[(22, 38)(22, 39)]",success
1237666299482538696,51.8977806843526,-0.90690232201507,DOUBLE,"[(21, 22)(21, 21)]",NO_PEAK,"[]",NO_PEAK,"[]",SINGLE,"[(20, 23)]",success
1237663237669323231,59.4356804405465,-0.727652327543039,DOUBLE,"[(27, 20)(23, 18)]",NO_PEAK,"[]",NO_PEAK,"[]",SINGLE,"[(26, 27)]",success
1237657069547750033,25.7285019111058,-0.907516357199435,NO_PEAK,"[]",NO_PEAK,"[]",DOUBLE,"[(49, 50)(50, 50)]",NO_PEAK,"[]",success
1237663782599328755,28.6801345216592,-1.19665848009114,SINGLE,"[(52, 4)]",NO_PEAK,"[]",DOUBLE,"[(38, 35)(39, 36)]",SINGLE,"[(37, 34)]",success
1237666407381729544,29.815403114443,-0.508028879952468,NO_PEAK,"[]",DOUBLE,"[(48, 50)(48, 51)]",DOUBLE,"[(50, 50)(50, 51)]",SINGLE,"[(50, 50)]",success
1237663784751661548,39.6927394987794,0.53441403308332,NO_PEAK,"[]",NO_PEAK,"[]",DOUBLE,"[(36, 6)(36, 7)]",NO_PEAK,"[]",success
1237666300020457892,54.2435352071745,-0.472488620366055,NO_PEAK,"[]",NO_PEAK,"[]",SINGLE,"[(17, 9)]",DOUBLE,"[(15, 14)(18, 8)]",success
1237657190370771490,5.53460615381516,-0.610964888813041,DOUBLE,"[(19, 23)(19, 24)]",NO_PEAK,"[]",NO_PEAK,"[]",SINGLE,"[(19, 20)]",success
1237663784199849122,5.60141037435269,0.206900925289223,NO_PEAK,"[]",NO_PEAK,"[]",SINGLE,"[(38, 11)]",DOUBLE,"[(38, 11)(39, 11)]",success
1237657190371950837,8.29725194444927,-0.612113476069,NO_PEAK,"[]",DOUBLE,"[(53, 41)(50, 50)]",DOUBLE,"[(52, 42)(49, 50)]",DOUBLE,"[(53, 41)(50, 49)]",success
1237663204921246255,16.1835886813481,0.666520592959921,NO_PEAK,"[]",NO_PEAK,"[]",SINGLE,"[(27, 49)]",DOUBLE,"[(27, 48)(30, 53)]",success
1237663784206663907,21.160247789611,0.0498671413192146,NO_PEAK,"[]",SINGLE,"[(50, 50)]",SINGLE,"[(50, 50)]",DOUBLE,"[(50, 50)(49, 50)]",success
1237663784206663908,21.1625036376698,0.0495517562530397,NO_PEAK,"[]",SINGLE,"[(29, 53)]",SINGLE,"[(29, 53)]",DOUBLE,"[(30, 53)(29, 53)]",success
1237678617428034611,23.358147151224,1.15943430578646,SINGLE,"[(76, 51)]",NO_PEAK,"[]",NO_PEAK,"[]",DOUBLE,"[(20, 41)(21, 41)]",success
1237657071157379417,23.3860026342094,0.273166498195036,NO_PEAK,"[]",NO_PEAK,"[]",NO_PEAK,"[]",DOUBLE,"[(40, 29)(46, 26)]",success
1237666407920435548,34.084744594223,-0.169733807328726,SINGLE,"[(26, 15)]",NO_PEAK,"[]",NO_PEAK,"[]",DOUBLE,"[(1, 75)(19, 66)]",success
1237663782602998079,37.0448998384718,-1.05107261107958,NO_PEAK,"[]",SINGLE,"[(38, 1)]",SINGLE,"[(38, 1)]",DOUBLE,"[(39, 1)(38, 1)]",success
1237663783140459435,38.3984339843098,-0.743445063735982,SINGLE,"[(30, 65)]",NO_PEAK,"[]",DOUBLE,"[(15, 45)(16, 45)]",SINGLE,"[(16, 45)]",success
1237678437015814281,38.4503885083543,1.16459212099603,NO_PEAK,"[]",NO_PEAK,"[]",DOUBLE,"[(48, 99)(50, 53)]",NO_PEAK,"[]",success
1237678437015814282,38.4504174769399,1.16580151747276,NO_PEAK,"[]",NO_PEAK,"[]",DOUBLE,"[(48, 90)(48, 92)]",NO_PEAK,"[]",success
1237657587097665717,40.0514669704676,0.72178417207879,SINGLE,"[(95, 89)]",SINGLE,"[(1, 38)]",NO_PEAK,"[]",DOUBLE,"[(40, 35)(40, 36)]",success
1237663239272988989,43.5518889656012,0.486393639954514,NO_PEAK,"[]",NO_PEAK,"[]",DOUBLE,"[(7, 21)(8, 22)]",NO_PEAK,"[]",success
1237663237127995561,49.3048319979534,-1.08812101823857,NO_PEAK,"[]",DOUBLE,"[(50, 49)(45, 15)]",NO_PEAK,"[]",NO_PEAK,"[]",success
1237663237127995570,49.3050503799145,-1.08681180401371,NO_PEAK,"[]",DOUBLE,"[(48, 37)(57, 99)]",NO_PEAK,"[]",SINGLE,"[(32, 25)]",success
1237666339187982681,14.2719179297635,-0.13014996179103,NO_PEAK,"[]",NO_PEAK,"[]",NO_PEAK,"[]",DOUBLE,"[(50, 50)(50, 51)]",success
1237663784740586050,14.400874344472,0.624768586282623,DOUBLE,"[(16, 24)(17, 24)]",NO_PEAK,"[]",NO_PEAK,"[]",SINGLE,"[(40, 24)]",success
1237663784203977184,15.0125859175686,0.0899855315923949,NO_PEAK,"[]",NO_PEAK,"[]",SINGLE,"[(14, 37)]",DOUBLE,"[(14, 38)(15, 38)]",success
1237663782595199009,19.1820201220018,-1.25671058713319,NO_PEAK,"[]",DOUBLE,"[(1, 23)(2, 12)]",DOUBLE,"[(1, 24)(1, 10)]",DOUBLE,"[(1, 24)(3, 15)]",success
1237663782595199010,19.1821243665584,-1.25513184193688,NO_PEAK,"[]",DOUBLE,"[(1, 10)(3, 31)]",DOUBLE,"[(1, 9)(13, 20)]",DOUBLE,"[(1, 10)(3, 2)]",success
1237663204923081061,20.307665644751,0.720371932337093,NO_PEAK,"[]",NO_PEAK,"[]",DOUBLE,"[(51, 50)(50, 50)]",DOUBLE,"[(51, 50)(56, 37)]",success
1237663783674446609,31.8511796522085,-0.278428932248557,NO_PEAK,"[]",NO_PEAK,"[]",DOUBLE,"[(41, 40)(41, 41)]",SINGLE,"[(41, 40)]",success
1237657071160591162,30.763444200066,0.38484231729409,NO_PEAK,"[]",NO_PEAK,"[]",SINGLE,"[(50, 49)]",DOUBLE,"[(50, 50)(55, 48)]",success
1237657071160591163,30.7648852821392,0.385123645176774,NO_PEAK,"[]",NO_PEAK,"[]",SINGLE,"[(37, 47)]",DOUBLE,"[(37, 48)(42, 46)]",success
1237666408994308734,34.3181717743657,0.709312033563427,NO_PEAK,"[]",NO_PEAK,"[]",DOUBLE,"[(70, 23)(70, 22)]",SINGLE,"[(42, 39)]",success
1237666408994308741,34.3203311928538,0.70626694199009,NO_PEAK,"[]",NO_PEAK,"[]",DOUBLE,"[(50, 50)(50, 51)]",NO_PEAK,"[]",success
1237666408457437845,34.3314891290572,0.349531877727391,NO_PEAK,"[]",DOUBLE,"[(49, 50)(50, 51)]",SINGLE,"[(50, 50)]",SINGLE,"[(41, 50)]",success
1237663783142949324,44.0770729857467,-0.817066795539356,NO_PEAK,"[]",NO_PEAK,"[]",NO_PEAK,"[]",DOUBLE,"[(21, 8)(21, 7)]",success
1237663784200831441,7.8011637505682,0.088381567762882,SINGLE,"[(76, 43)]",NO_PEAK,"[]",SINGLE,"[(40, 6)]",DOUBLE,"[(40, 5)(45, 1)]",success
1237663784200831442,7.80234642670718,0.0870654034465739,NO_PEAK,"[]",NO_PEAK,"[]",NO_PEAK,"[]",DOUBLE,"[(29, 17)(34, 13)]",success
1237666339190211325,19.3568193468503,-0.10261692117146,NO_PEAK,"[]",NO_PEAK,"[]",SINGLE,"[(23, 42)]",DOUBLE,"[(22, 42)(22, 43)]",success
1237663784747139553,29.3672565104525,0.508974199335198,DOUBLE,"[(23, 1)(24, 1)]",NO_PEAK,"[]",DOUBLE,"[(24, 6)(24, 1)]",SINGLE,"[(24, 5)]",success
1237663782602408306,35.7765201485669,-1.13629295715249,SINGLE,"[(59, 60)]",NO_PEAK,"[]",DOUBLE,"[(8, 19)(9, 18)]",NO_PEAK,"[]",success
1237663782602409047,35.7766581037352,-1.13823028841709,SINGLE,"[(21, 31)]",NO_PEAK,"[]",DOUBLE,"[(7, 36)(8, 35)]",NO_PEAK,"[]",success
1237678617433670265,36.2496042707546,0.957140700412102,NO_PEAK,"[]",SINGLE,"[(50, 49)]",SINGLE,"[(49, 51)]",DOUBLE,"[(49, 51)(52, 46)]",success
1237657584950968557,41.9066236643834,-0.969340255801944,NO_PEAK,"[]",DOUBLE,"[(50, 48)(50, 49)]",SINGLE,"[(50, 50)]",SINGLE,"[(50, 50)]",success
1237663784751661538,39.6902689119118,0.534340633035189,NO_PEAK,"[]",SINGLE,"[(58, 7)]",DOUBLE,"[(58, 7)(58, 8)]",SINGLE,"[(58, 7)]",success
1237663784751661539,39.6913817320897,0.53296714138956,NO_PEAK,"[]",NO_PEAK,"[]",DOUBLE,"[(48, 19)(48, 20)]",SINGLE,"[(48, 20)]",success
1237657587097469609,39.7327546172389,0.659373125720526,NO_PEAK,"[]",NO_PEAK,"[]",DOUBLE,"[(55, 34)(56, 34)]",SINGLE,"[(55, 34)]",success
1237657587097469608,39.7333589674122,0.65759257443467,SINGLE,"[(19, 28)]",NO_PEAK,"[]",DOUBLE,"[(49, 50)(50, 50)]",DOUBLE,"[(50, 50)(51, 50)]",success
1237657070628438837,41.6155220476141,-0.0544685839704404,SINGLE,"[(2, 65)]",NO_PEAK,"[]",DOUBLE,"[(50, 50)(50, 51)]",NO_PEAK,"[]",success
1237663784200832133,7.80248826284251,0.0848722719971298,NO_PEAK,"[]",NO_PEAK,"[]",NO_PEAK,"[]",DOUBLE,"[(28, 37)(33, 33)]",success
1237663716018488357,9.45380767785446,0.524236083962467,NO_PEAK,"[]",NO_PEAK,"[]",DOUBLE,"[(36, 22)(37, 22)]",SINGLE,"[(37, 22)]",success
1237663785277391528,14.3185115883184,0.911489440836407,NO_PEAK,"[]",NO_PEAK,"[]",DOUBLE,"[(50, 50)(51, 50)]",NO_PEAK,"[]",success
1237666339187786213,13.8415628925679,-0.129443824452596,SINGLE,"[(41, 3)]",NO_PEAK,"[]",DOUBLE,"[(50, 50)(50, 51)]",SINGLE,"[(51, 50)]",success
1237663204920656485,14.8685767973786,0.738190723631418,SINGLE,"[(26, 30)]",DOUBLE,"[(50, 50)(49, 49)]",SINGLE,"[(8, 39)]",NO_PEAK,"[]",success
1237663204921246246,16.1810356915686,0.666382500255545,NO_PEAK,"[]",NO_PEAK,"[]",SINGLE,"[(50, 50)]",DOUBLE,"[(50, 50)(53, 55)]",success
1237663204921246247,16.1812948815138,0.666854694252843,NO_PEAK,"[]",NO_PEAK,"[]",SINGLE,"[(48, 46)]",DOUBLE,"[(47, 45)(50, 50)]",success
1237663204922426213,18.8686475669281,0.787871210243079,NO_PEAK,"[]",NO_PEAK,"[]",NO_PEAK,"[]",DOUBLE,"[(17, 25)(14, 31)]",success
1237678617426395533,19.514521146314,1.25800726656001,NO_PEAK,"[]",NO_PEAK,"[]",SINGLE,"[(51, 49)]",DOUBLE,"[(31, 25)(31, 26)]",success
1237657069547356604,24.7388153138273,-0.951973852307447,NO_PEAK,"[]",DOUBLE,"[(52, 52)(50, 50)]",SINGLE,"[(19, 49)]",NO_PEAK,"[]",success
1237663783662846256,5.27921536521104,-0.323909464207817,NO_PEAK,"[]",NO_PEAK,"[]",NO_PEAK,"[]",DOUBLE,"[(51, 57)(52, 57)]",success
1237663783662846255,5.27933745198927,-0.323122106946853,NO_PEAK,"[]",SINGLE,"[(50, 49)]",SINGLE,"[(50, 50)]",DOUBLE,"[(49, 50)(50, 50)]",success
1237663783675232546,33.5648246185379,-0.234535320584978,NO_PEAK,"[]",NO_PEAK,"[]",SINGLE,"[(43, 43)]",DOUBLE,"[(53, 46)(44, 43)]",success
1237663783675232544,33.5651765182822,-0.234974507761405,SINGLE,"[(48, 54)]",NO_PEAK,"[]",SINGLE,"[(40, 47)]",DOUBLE,"[(50, 50)(41, 47)]",success
1237663783676478332,36.4810494866813,-0.376762830077154,NO_PEAK,"[]",NO_PEAK,"[]",DOUBLE,"[(50, 50)(45, 47)]",NO_PEAK,"[]",success
1237657586025431232,43.6003255038712,-0.111871271637764,NO_PEAK,"[]",SINGLE,"[(57, 47)]",DOUBLE,"[(56, 47)(52, 43)]",NO_PEAK,"[]",success
1237657586025431230,43.6010496267467,-0.112120517515891,NO_PEAK,"[]",SINGLE,"[(50, 49)]",DOUBLE,"[(50, 50)(46, 46)]",NO_PEAK,"[]",success
1237657587099173037,43.6109789724375,0.672508114599332,NO_PEAK,"[]",SINGLE,"[(50, 50)]",SINGLE,"[(50, 50)]",DOUBLE,"[(50, 50)(54, 44)]",success
1237657587099173039,43.6114639594775,0.67187582817201,NO_PEAK,"[]",NO_PEAK,"[]",SINGLE,"[(45, 56)]",DOUBLE,"[(45, 56)(49, 50)]",success
1237663237127995550,49.2987891859294,-1.13091320391027,NO_PEAK,"[]",DOUBLE,"[(43, 6)(53, 70)]",NO_PEAK,"[]",NO_PEAK,"[]",success
1237663237127995543,49.2989576533481,-1.13020362641329,NO_PEAK,"[]",DOUBLE,"[(42, 6)(51, 63)]",NO_PEAK,"[]",NO_PEAK,"[]",success
1237663783127810591,9.50654353467991,-0.706729117787082,NO_PEAK,"[]",NO_PEAK,"[]",DOUBLE,"[(45, 45)(46, 45)]",NO_PEAK,"[]",success
1237663782590349922,8.19209037688004,-1.21663882521913,NO_PEAK,"[]",NO_PEAK,"[]",DOUBLE,"[(50, 50)(51, 50)]",SINGLE,"[(57, 48)]",success
1237663782590349921,8.1929162269977,-1.21685082416461,NO_PEAK,"[]",NO_PEAK,"[]",DOUBLE,"[(42, 52)(43, 52)]",SINGLE,"[(50, 50)]",success
1237663784202993794,12.846737925351,0.176206292384428,NO_PEAK,"[]",NO_PEAK,"[]",SINGLE,"[(50, 50)]",DOUBLE,"[(54, 58)(50, 51)]",success
1237663784202993793,12.8471936054868,0.177083364663143,NO_PEAK,"[]",NO_PEAK,"[]",SINGLE,"[(46, 42)]",DOUBLE,"[(50, 50)(46, 43)]",success
1237663782598672859,27.1516686233968,-1.13011284328069,NO_PEAK,"[]",NO_PEAK,"[]",DOUBLE,"[(50, 50)(50, 51)]",NO_PEAK,"[]",success
1237663784212103952,33.6684669166269,0.139475527135052,NO_PEAK,"[]",NO_PEAK,"[]",NO_PEAK,"[]",DOUBLE,"[(48, 29)(48, 30)]",success
1237666407920435562,34.0818046551485,-0.168251105476488,SINGLE,"[(23, 32)]",NO_PEAK,"[]",SINGLE,"[(55, 23)]",DOUBLE,"[(22, 64)(12, 69)]",success
1237666407920435580,34.0825837454119,-0.168629283357382,NO_PEAK,"[]",NO_PEAK,"[]",NO_PEAK,"[]",DOUBLE,"[(15, 68)(5, 73)]",success
1237660338016223426,44.006772992714,-0.902237687815775,NO_PEAK,"[]",SINGLE,"[(59, 46)]",DOUBLE,"[(59, 46)(50, 50)]",SINGLE,"[(39, 1)]",success
1237660338016223425,44.007730030224,-0.902707676535147,NO_PEAK,"[]",SINGLE,"[(50, 50)]",DOUBLE,"[(50, 50)(41, 54)]",SINGLE,"[(30, 5)]",success
1237657190905872910,1.53872420565199,-0.133189599078809,NO_PEAK,"[]",NO_PEAK,"[]",SINGLE,"[(44, 40)]",DOUBLE,"[(44, 40)(45, 40)]",success
1237657071157117553,22.8340361639001,0.287511976439712,SINGLE,"[(77, 63)]",NO_PEAK,"[]",DOUBLE,"[(44, 1)(43, 1)]",NO_PEAK,"[]",success
1237663782602408189,35.6308072749901,-1.0541745333935,NO_PEAK,"[]",NO_PEAK,"[]",NO_PEAK,"[]",DOUBLE,"[(16, 27)(35, 1)]",success
1237678617436750379,43.2532125925548,0.864298014131486,NO_PEAK,"[]",NO_PEAK,"[]",NO_PEAK,"[]",DOUBLE,"[(50, 50)(50, 51)]",success
1237657191444316938,5.17672457431297,0.241413105613547,NO_PEAK,"[]",NO_PEAK,"[]",SINGLE,"[(23, 53)]",DOUBLE,"[(23, 53)(24, 53)]",success
1237657191444317142,5.17798347158833,0.243764998907103,NO_PEAK,"[]",NO_PEAK,"[]",SINGLE,"[(12, 32)]",DOUBLE,"[(12, 32)(13, 32)]",success
1237663784739864962,12.7279630731899,0.483152907528481,NO_PEAK,"[]",NO_PEAK,"[]",DOUBLE,"[(30, 34)(31, 33)]",SINGLE,"[(31, 34)]",success
1237678617426985638,20.948773129977,1.23413381810907,NO_PEAK,"[]",DOUBLE,"[(50, 50)(49, 51)]",SINGLE,"[(38, 1)]",SINGLE,"[(38, 1)]",success
1237666407915979149,23.8002078167792,-0.189962887866665,DOUBLE,"[(26, 15)(22, 19)]",NO_PEAK,"[]",SINGLE,"[(25, 17)]",SINGLE,"[(25, 17)]",success
1237666338653864588,20.6799385111834,-0.431105242899111,NO_PEAK,"[]",NO_PEAK,"[]",NO_PEAK,"[]",DOUBLE,"[(33, 19)(16, 13)]",success
1237657069547750024,25.7258879865839,-0.906367551780874,DOUBLE,"[(22, 23)(29, 25)]",NO_PEAK,"[]",SINGLE,"[(61, 56)]",NO_PEAK,"[]",success
1237666407917224133,26.602223695304,-0.138497557933084,DOUBLE,"[(19, 33)(20, 28)]",NO_PEAK,"[]",NO_PEAK,"[]",NO_PEAK,"[]",success
1237663784209416950,27.4955428688692,0.13297566387059,NO_PEAK,"[]",NO_PEAK,"[]",DOUBLE,"[(50, 50)(54, 52)]",NO_PEAK,"[]",success
1237657071159477130,28.1458142042195,0.212399194522972,DOUBLE,"[(28, 27)(35, 28)]",NO_PEAK,"[]",NO_PEAK,"[]",NO_PEAK,"[]",success
1237663784748581455,32.7370005422869,0.59394754849184,NO_PEAK,"[]",NO_PEAK,"[]",NO_PEAK,"[]",DOUBLE,"[(16, 17)(16, 23)]",success
1237666407921812134,37.1243234158197,-0.166004951385255,NO_PEAK,"[]",NO_PEAK,"[]",NO_PEAK,"[]",DOUBLE,"[(46, 6)(43, 18)]",success
1237657070088684588,34.9867883744923,-0.598866772827491,DOUBLE,"[(14, 26)(18, 32)]",NO_PEAK,"[]",NO_PEAK,"[]",NO_PEAK,"[]",success
1237678617432359356,33.1319345672119,1.00265011507656,DOUBLE,"[(26, 26)(30, 27)]",NO_PEAK,"[]",NO_PEAK,"[]",SINGLE,"[(50, 51)]",success
1237666407921090661,35.4599771731351,-0.114259748908258,NO_PEAK,"[]",SINGLE,"[(37, 43)]",DOUBLE,"[(37, 43)(51, 50)]",DOUBLE,"[(36, 43)(50, 50)]",success
1237666338115486049,17.1538028618282,-1.02973490337435,NO_PEAK,"[]",DOUBLE,"[(50, 50)(55, 53)]",NO_PEAK,"[]",SINGLE,"[(17, 44)]",success
1237666338115486048,17.1541800723032,-1.02949266831456,NO_PEAK,"[]",DOUBLE,"[(47, 48)(52, 51)]",SINGLE,"[(50, 50)]",SINGLE,"[(14, 42)]",success
1237657190906921766,3.85654462655589,-0.0837091843610251,SINGLE,"[(21, 93)]",NO_PEAK,"[]",SINGLE,"[(50, 50)]",DOUBLE,"[(50, 50)(55, 46)]",success
1237666338115027091,16.1768480656007,-0.951275095476168,NO_PEAK,"[]",DOUBLE,"[(16, 7)(19, 43)]",NO_PEAK,"[]",DOUBLE,"[(16, 8)(15, 46)]",success
1237666338115027146,16.1774223412081,-0.951168183416509,NO_PEAK,"[]",DOUBLE,"[(11, 6)(14, 42)]",NO_PEAK,"[]",NO_PEAK,"[]",success
1237678617426985964,20.9191447277889,1.23509956405563,SINGLE,"[(28, 43)]",NO_PEAK,"[]",DOUBLE,"[(51, 50)(50, 44)]",DOUBLE,"[(51, 45)(51, 51)]",success
1237678617426985963,20.919173384981,1.23449815925125,NO_PEAK,"[]",NO_PEAK,"[]",DOUBLE,"[(50, 55)(49, 49)]",DOUBLE,"[(50, 50)(50, 56)]",success
1237657190914458170,21.1594335563327,-0.0505061149754472,NO_PEAK,"[]",NO_PEAK,"[]",DOUBLE,"[(50, 50)(57, 52)]",NO_PEAK,"[]",success
1237657190914458169,21.1600861719583,-0.050311961148812,NO_PEAK,"[]",NO_PEAK,"[]",DOUBLE,"[(44, 48)(51, 50)]",NO_PEAK,"[]",success
1237663784745959596,26.7716062017991,0.45916537008064,SINGLE,"[(50, 48)]",DOUBLE,"[(64, 43)(63, 57)]",SINGLE,"[(64, 42)]",NO_PEAK,"[]",success
1237663784745959595,26.7716306962762,0.459847717647742,SINGLE,"[(50, 42)]",DOUBLE,"[(63, 36)(62, 50)]",SINGLE,"[(63, 36)]",DOUBLE,"[(64, 36)(58, 18)]",success
1237666407921811591,37.1064327392224,-0.127364485237787,NO_PEAK,"[]",SINGLE,"[(50, 50)]",DOUBLE,"[(50, 50)(65, 47)]",NO_PEAK,"[]",success
1237666407921811592,37.1068090638042,-0.126719953214256,NO_PEAK,"[]",SINGLE,"[(47, 44)]",DOUBLE,"[(47, 44)(62, 41)]",DOUBLE,"[(47, 45)(62, 41)]",success
1237663783678116532,40.2556770320555,-0.227632428846497,NO_PEAK,"[]",DOUBLE,"[(49, 49)(56, 52)]",NO_PEAK,"[]",NO_PEAK,"[]",success
1237678617972113584,39.7256660846302,1.25880499986406,NO_PEAK,"[]",SINGLE,"[(39, 45)]",DOUBLE,"[(40, 46)(53, 57)]",DOUBLE,"[(39, 46)(52, 56)]",success
1237678617972113583,39.7259673414549,1.25954096483232,NO_PEAK,"[]",SINGLE,"[(38, 39)]",DOUBLE,"[(37, 39)(50, 50)]",DOUBLE,"[(37, 39)(50, 49)]",success
1237663237127995541,49.2996617779864,-1.12414741581771,NO_PEAK,"[]",DOUBLE,"[(45, 8)(53, 64)]",NO_PEAK,"[]",NO_PEAK,"[]",success
1237663237127995546,49.2997861777969,-1.12352567138977,NO_PEAK,"[]",DOUBLE,"[(44, 2)(52, 58)]",NO_PEAK,"[]",NO_PEAK,"[]",success
1237657191445954779,8.89294221029462,0.373522033920328,NO_PEAK,"[]",NO_PEAK,"[]",NO_PEAK,"[]",DOUBLE,"[(57, 55)(51, 50)]",success
1237663784207581258,23.277143020745,0.126872844129518,NO_PEAK,"[]",NO_PEAK,"[]",SINGLE,"[(58, 44)]",DOUBLE,"[(70, 21)(58, 45)]",success
1237663784207581257,23.2780401286911,0.126860294132101,NO_PEAK,"[]",NO_PEAK,"[]",NO_PEAK,"[]",DOUBLE,"[(62, 21)(50, 45)]",success
1237663237127995540,49.2995029737017,-1.12516245930215,NO_PEAK,"[]",DOUBLE,"[(46, 17)(44, 3)]",NO_PEAK,"[]",NO_PEAK,"[]",success
1237666407921811816,37.1238181069271,-0.170813284355906,DOUBLE,"[(51, 50)(5, 3)]",SINGLE,"[(50, 50)]",SINGLE,"[(50, 50)]",NO_PEAK,"[]",success
1237663783140720804,39.0694101521871,-0.812359686758632,NO_PEAK,"[]",DOUBLE,"[(61, 50)(50, 50)]",DOUBLE,"[(61, 50)(51, 49)]",NO_PEAK,"[]",success
1237663783140720802,39.0706301538489,-0.812323113780798,NO_PEAK,"[]",DOUBLE,"[(50, 50)(39, 50)]",DOUBLE,"[(50, 50)(40, 49)]",NO_PEAK,"[]",success
1237678617972113582,39.7245212000894,1.25837669150352,NO_PEAK,"[]",SINGLE,"[(51, 49)]",DOUBLE,"[(50, 50)(63, 61)]",DOUBLE,"[(50, 50)(63, 60)]",success
1237663278465351975,1.6010441553552,0.878820015086715,NO_PEAK,"[]",NO_PEAK,"[]",DOUBLE,"[(50, 50)(52, 45)]",NO_PEAK,"[]",success
1237657192516551196,1.71805325068192,1.15841037329708,SINGLE,"[(22, 55)]",NO_PEAK,"[]",SINGLE,"[(50, 50)]",DOUBLE,"[(50, 49)(44, 52)]",success
1237657190906921925,3.85924010986042,-0.0882371855230784,SINGLE,"[(15, 28)]",NO_PEAK,"[]",SINGLE,"[(19, 16)]",DOUBLE,"[(18, 16)(24, 15)]",success
1237678433791378113,7.19753347444645,1.02765879717846,NO_PEAK,"[]",NO_PEAK,"[]",SINGLE,"[(16, 23)]",DOUBLE,"[(16, 22)(11, 17)]",success
1237656971300372923,9.17104732121663,-0.586316808569228,DOUBLE,"[(28, 40)(34, 32)]",NO_PEAK,"[]",NO_PEAK,"[]",NO_PEAK,"[]",success
1237663783665140655,10.5133436711244,-0.293931093292569,NO_PEAK,"[]",NO_PEAK,"[]",DOUBLE,"[(21, 44)(18, 39)]",DOUBLE,"[(21, 44)(18, 39)]",success
1237656971301028848,10.7232393211073,-0.538188974807438,DOUBLE,"[(14, 34)(16, 14)]",NO_PEAK,"[]",NO_PEAK,"[]",NO_PEAK,"[]",success
1237656971302011301,12.9256510401947,-0.574095520455998,DOUBLE,"[(24, 17)(33, 29)]",NO_PEAK,"[]",SINGLE,"[(50, 50)]",NO_PEAK,"[]",success
1237663782592840526,13.9124872978661,-1.1631395379055,NO_PEAK,"[]",NO_PEAK,"[]",SINGLE,"[(52, 51)]",DOUBLE,"[(51, 50)(45, 49)]",success
1237663204920460015,14.4098169377233,0.63286412714627,NO_PEAK,"[]",NO_PEAK,"[]",SINGLE,"[(47, 25)]",DOUBLE,"[(47, 25)(53, 15)]",success
1237666338115027075,16.1731380345465,-0.955933511623962,DOUBLE,"[(50, 51)(51, 42)]",DOUBLE,"[(50, 50)(53, 86)]",DOUBLE,"[(50, 50)(48, 67)]",SINGLE,"[(50, 50)]",success
1237666338115027076,16.1734130638959,-0.951965308884244,DOUBLE,"[(48, 15)(49, 6)]",DOUBLE,"[(47, 14)(50, 50)]",DOUBLE,"[(48, 14)(46, 31)]",SINGLE,"[(47, 14)]",success
1237666338115027149,16.1778602358756,-0.945841389243505,NO_PEAK,"[]",NO_PEAK,"[]",DOUBLE,"[(6, 3)(13, 11)]",NO_PEAK,"[]",success
1237663783131742806,18.4960472656337,-0.83533916889278,NO_PEAK,"[]",NO_PEAK,"[]",DOUBLE,"[(50, 50)(56, 49)]",NO_PEAK,"[]",success
1237663784205616142,18.778101218299,0.0234473062654031,DOUBLE,"[(27, 14)(31, 21)]",NO_PEAK,"[]",NO_PEAK,"[]",NO_PEAK,"[]",success
1237663784206270661,20.3417193604438,0.0930212671016324,NO_PEAK,"[]",NO_PEAK,"[]",DOUBLE,"[(23, 25)(10, 28)]",DOUBLE,"[(23, 25)(10, 28)]",success
1237657070091109259,40.5042747011125,-0.524110798773824,DOUBLE,"[(26, 1)(33, 9)]",NO_PEAK,"[]",NO_PEAK,"[]",NO_PEAK,"[]",success
1237678437016339469,39.6730038431806,1.12285190362957,DOUBLE,"[(25, 21)(19, 15)]",NO_PEAK,"[]",NO_PEAK,"[]",SINGLE,"[(27, 19)]",success
1237663237127995547,49.2990310836832,-1.129304121165,NO_PEAK,"[]",DOUBLE,"[(51, 55)(43, 3)]",NO_PEAK,"[]",NO_PEAK,"[]",success
1237663237127995557,49.3006402421979,-1.11735409662587,NO_PEAK,"[]",DOUBLE,"[(44, 2)(50, 49)]",NO_PEAK,"[]",NO_PEAK,"[]",success
1237663237127995558,49.3021983637859,-1.10671007870209,NO_PEAK,"[]",DOUBLE,"[(54, 81)(47, 29)]",NO_PEAK,"[]",NO_PEAK,"[]",success
1237663783144719243,48.1867243770684,-0.796914424136633,DOUBLE,"[(22, 14)(13, 6)]",NO_PEAK,"[]",NO_PEAK,"[]",NO_PEAK,"[]",success
1237678617428688956,24.842332426266,1.25778501607729,NO_PEAK,"[]",NO_PEAK,"[]",NO_PEAK,"[]",DOUBLE,"[(33, 71)(62, 81)]",success
1237678617428688952,24.8431005219786,1.25974764757253,NO_PEAK,"[]",SINGLE,"[(26, 52)]",SINGLE,"[(26, 51)]",DOUBLE,"[(26, 53)(55, 63)]",success
1237663237127995544,49.3001974428466,-1.12119406247296,NO_PEAK,"[]",DOUBLE,"[(48, 37)(44, 16)]",NO_PEAK,"[]",NO_PEAK,"[]",success
1237663204920460034,14.4149468928559,0.634219476138972,NO_PEAK,"[]",NO_PEAK,"[]",SINGLE,"[(1, 13)]",DOUBLE,"[(1, 12)(7, 2)]",success
1237666407921811593,37.1080726574598,-0.127737792828274,NO_PEAK,"[]",SINGLE,"[(35, 54)]",DOUBLE,"[(35, 53)(50, 50)]",DOUBLE,"[(35, 54)(50, 50)]",success
1237663784207581254,23.274123748858,0.126891250483555,NO_PEAK,"[]",NO_PEAK,"[]",NO_PEAK,"[]",DOUBLE,"[(97, 20)(85, 44)]",success
1237663784745959591,26.7730901954016,0.458358840683547,NO_PEAK,"[]",DOUBLE,"[(50, 50)(49, 64)]",SINGLE,"[(50, 50)]",SINGLE,"[(50, 50)]",success
1237663237127995555,49.303720253238,-1.09705303142231,NO_PEAK,"[]",DOUBLE,"[(51, 66)(48, 45)]",NO_PEAK,"[]",NO_PEAK,"[]",success
1237663237127995554,49.3038572028169,-1.09525580714365,NO_PEAK,"[]",DOUBLE,"[(50, 49)(47, 28)]",NO_PEAK,"[]",NO_PEAK,"[]",fail
